,skill_name
1,bitbucket
2,ubuntu
3,mdd
4,db연동
5,ncloud
6,uipath
7,nexus
8,python3
9,앱개발
10,sonarqube
11,소방설비기사자격
12,반도체
13,vbscript
14,pi
15,시험설계
16,puppeteer
17,azure
18,pandas
19,m365
20,오픈코드
21,wireshark
22,가상화서버운영
23,opic
24,aos
25,eai
26,euresys
27,ros
28,oidc
29,r
30,end-point보안
31,객체탐지알고리즘
32,awsec2
33,pm
34,outlook
35,랜섬웨어
36,oracleerp
37,클라우드설정
38,금융
39,springdatajpa
40,react-query
41,lookerstudio
42,jqeury
43,linuxshell
44,ecmascript
45,sti
46,restapi
47,nsx
48,visualstudio2019-2022
49,itq정보기술자격
50,mcu
51,영상편집
52,it개발.테이터
53,ribs
54,웹퍼블리셔ui/ux
55,systemverilog
56,iis
57,엔테리어
58,ibmpowerserver
59,시스템기획
60,vuetify
61,it인프라
62,micom
63,ctr
64,vue3.0
65,nginx
66,bloc
67,gitlab
68,googleanalytics
69,janus
70,네트워크(l2
71,gitaction
72,springboot
73,antivirus
74,c#또는java
75,넥사크로
76,nutanix
77,mes
78,paas
79,view.js
80,백엔드
81,스토리지
82,b2c
83,검증
84,엔지니어
85,퍼블리싱
86,pytorch
87,프로그래밍
88,아키텍트
89,시제품조립
90,web3js
91,react-native
92,googlecloudplatform
93,건축산업기사자격
94,인포스케일
95,sql
96,테스트
97,기술분석
98,memcached
99,laravel
100,채널
101,it컨설팅
102,rest
103,노트북수리
104,apcctv
105,bigquery
106,chromedevtool
107,ui/ux
108,unix
109,스타일가이드
110,sas
111,winform
112,siemensplc
113,svelte
114,substance
115,하네스
116,한글
117,기계설계
118,nexacro
119,bsw
120,표준화경험자
121,레거시springjsp
122,fw
123,networkcabletest
124,sapabap
125,avr
126,디자인
127,고도몰
128,awscodecommit
129,qa
130,pythonpandas
131,백엔드/서버개발
132,3dprinter
133,cg
134,보안장비관리
135,배움을두려워하지않음
136,profinet등통신프로그램
137,wbs
138,recoil
139,windowserver
140,it개발데이터
141,wordpress
142,강화학습
143,lamdaaws유경험자
144,gtq자격
145,pyton
146,aix
147,digital
148,sat
149,front-end
150,some/ip
151,appsflyer
152,전자상거래
153,microsoftsqlserver
154,인터넷공유기
155,compose
156,guilibrary
157,네트워크장비개발
158,cortex-mfirmware
159,웹/앱개발
160,privatecloud
161,데이터베이스
162,cocos2d
163,dw
164,mvc
165,dax
166,프린터관리
167,konlpy
168,react
169,데이터센터
170,itplanning
171,networksocket
172,digital회로개발
173,as400/rpg
174,정보처리기사자격
175,axure
176,vc++
177,라우터가공
178,blender
179,테크니컬아키텍쳐
180,wpf
181,알테온(l4)
182,회로분석
183,관련자격증
184,javaspring
185,system
186,시스템운용
187,require.js
188,scm
189,styled-component
190,의사소통
191,보안솔루션운영(fw
192,detection
193,게임기획
194,saas
195,dsm
196,jsp
197,방화벽(ids
198,bitnami
199,swing
200,bancs
201,l4)구성및설정
202,excelpptzwcad
203,postgre
204,한드림넷
205,cpa자격
206,plasticscm
207,3dmesh
208,javascriptsdk
209,ai/인공지능
210,l3
211,toeicspeaking
212,auroradb
213,powerpoint
214,web기술
215,cafe24
216,nas
217,skia
218,xhtml
219,chatgpt
220,projectmanagement
221,미라콤
222,websocket서버개발경험
223,javascritp
224,gmp
225,정보계
226,ims
227,netty
228,ccnp자격
229,인프라
230,androidnative
231,시스템
232,hp
233,xflatform
234,artwork가능
235,spark
236,관계형db
237,vscode
238,노트북관리
239,ftl
240,sketchup
241,arp
242,교육사업
243,로드밸런싱
244,googleworkspace
245,동기화개체사용
246,펌웨어
247,router
248,deeplearningframework
249,다수데이터베이스
250,서버구축
251,next
252,admin
253,ray
254,dockerswarm
255,간호조무사자격
256,운전면허
257,directx
258,powerha
259,opensearch
260,fi
261,x86하드웨어
262,sdk
263,인텔엣지
264,creo
265,horizon
266,ionic
267,빅데이터
268,애프터이펙트
269,zeplin
270,웹딘프로
271,소리마치툴
272,stablediffusion
273,cadence
274,스크래핑
275,gradle
276,c++builder
277,.netframework
278,콜인프라
279,tcp/ip
280,시스템연동
281,반응형
282,소방안전관리자자격
283,drizzle
284,server관리
285,plc
286,firewall
287,백앤드
288,gis오픈소스
289,기술영업
290,ci/cd
291,emv
292,css3
293,veritas
294,매출마감
295,클라우드컴퓨팅
296,jstl
297,인프라관리
298,cppg자격
299,caffe
300,esb
301,iot
302,vpn
303,드론
304,코드레이
305,adobeanalytics
306,db구축
307,jboss
308,콜봇
309,이온초음파rfhifu
310,linuxkernel
311,ssr
312,솔루션/si/crm/erp
313,kintex
314,jawascript
315,sa
316,devicedriver
317,soar
318,visualc#
319,appium
320,sass
321,b/e
322,mm
323,json
324,plantuml
325,on-premise
326,mml
327,sm
328,개발sw설계서작성
329,wifi
330,systemarchitecture
331,vue.js3
332,isms
333,ocp자격
334,유/무선네트워크
335,yolov5
336,tensorflow
337,ads
338,frontend
339,apachekafka
340,netbackup
341,eplan
342,증권
343,delphi
344,clickhouse
345,node.
346,embeddedlinux
347,java
348,cat
349,하드웨어제작
350,커널
351,에너지관리기사자격
352,프로시져
353,xd
354,spring혹은전자정부f/w
355,bash
356,보안모니터링
357,은행
358,python
359,임베디드
360,gke
361,보안기능
362,인터렉티브효과
363,abap
364,ccie자격
365,qc
366,비콘
367,챗봇
368,raspberrypi
369,spss
370,simd
371,rxjava
372,apm
373,제어
374,webmethods
375,linuxwindowscisco
376,mri
377,설비통신
378,kong
379,ffmpeg
380,canoe
381,성과평가등인사업무경험자
382,itq
383,자동제어
384,mybatis
385,legactphp
386,cad
387,mos
388,groovy
389,nbp
390,무선주파수
391,ros2
392,swa
393,전자
394,atmega
395,device
396,vr
397,microsoftazure
398,laravel프레임워크
399,control-m
400,sappp
401,greenplum
402,certification
403,java21
404,아이폰(ios)개발자
405,ecommerce
406,sketch
407,macos
408,hp-ux
409,tmaxproobject
410,remote
411,전기공사산업기사자격
412,sapsd
413,networkprogram
414,보험업무경험자
415,linux
416,waf
417,orcad
418,msp
419,axios
420,녹취시스템
421,미들웨어
422,서버가상화
423,ibmwebsphere
424,imageprocessing
425,pg
426,수어
427,ajax
428,yolo
429,l4스위치
430,pl
431,응급구조사자격
432,objectivec
433,visionalgorithmonnpu
434,idc
435,db설계
436,devon
437,networkcableconnet
438,testcase설계
439,lisp
440,신제품기획
441,cbo
442,컨설턴트
443,i/f
444,hybridapp
445,haskell
446,네트워크프로그래밍
447,smtp
448,머신러닝개발
449,android
450,webrtc기반협업프로그램개발자우대
451,모바일(aos
452,jqgrid
453,nx
454,oracledb
455,rs232통신
456,x-javascript
457,code-v
458,정보처리산업기사자격
459,웹
460,simpana
461,gpld
462,capl
463,reactquery
464,회로이해
465,nlp
466,c4d
467,스키마
468,s/w
469,정보기기운용기능사자격
470,hikaricp
471,기계공학및유사학과
472,생성ai
473,nordicnrf52
474,cms
475,딥러닝
476,istqb
477,리눅스엔지니어
478,postman
479,디지털
480,메이크샵
481,제안서작성
482,egov
483,hive
484,뉴타닉스
485,xdr
486,아날로그
487,사업계획
488,oracle
489,rhel
490,기업회계자격
491,게임ui구현
492,rxandroid
493,opnet
494,wms
495,전기설계
496,액션스크립트
497,driver
498,se
499,ax5ui
500,webrtc
501,cluster
502,hdl언어
503,구글스프레드시트
504,kedw
505,영상정보관리사
506,dao
507,vxworks
508,trados
509,ddos
510,helpdesk
511,ips)
512,nodejs사용자우대
513,정보보호관리체계(isms)인증심사대응
514,베트남어
515,전기/전자기초
516,cpu
517,office
518,오픈소스설치
519,rest-api
520,nest.js
521,open3d
522,장비설치
523,임베디드설계
524,naverpubliccloud
525,i-cube
526,stl
527,googleoptimize
528,st
529,pbx
530,oscilloscope
531,fortify
532,3dc++
533,영어채팅
534,express
535,ap
536,pytyon
537,mcsa
538,웹기획
539,방화벽
540,sentry-sdk
541,dagger
542,머신비전
543,아날로그cctv하드웨어설계
544,cloudinfra
545,reactorkit
546,리눅스마스터자격
547,keras
548,vb
549,dreamweaver
550,ndk
551,한드림넷(hdn)
552,임베디드소프트웨어
553,activedirectory
554,이슈관리
555,oci
556,리버싱
557,kibana
558,유니티
559,it
560,mmdetection
561,pcb
562,securecoding
563,mssqlstoredprocedure
564,pc제어
565,socket.io
566,결제
567,hw
568,소트프웨어개발
569,스플렁크
570,yocto
571,ecma
572,sd-wan
573,pia
574,클라이언트개발
575,virtualization
576,bizactor
577,cicd
578,apigateway
579,cncf
580,전기공사기능사자격
581,keil
582,메타데이터구축
583,maui
584,ppt
585,cisa
586,nim
587,cica
588,beautifulsoup
589,co
590,네트워크보안
591,품질
592,adobeanimate
593,migration
594,http
595,chakra-ui
596,mysql/oracle
597,pmac
598,cordova
599,리눅스서버
600,uxui
601,보안관제
602,llamaindex
603,1인게임제작
604,utm
605,보상
606,넷백업
607,tailwind
608,coroutine
609,정보보안기사자격
610,모바일web경험자
611,thymleaf
612,국제인증
613,x86
614,웹방화벽
615,정보보안
616,zerotrust
617,i/oboard
618,gerrit
619,touchgfx
620,resharperc++
621,더존프로그램
622,influence
623,arduino
624,db시스템운영
625,protopie
626,iaas
627,notion
628,정보처리산업기사
629,fortigate
630,c
631,saps/4hana
632,영상처리
633,백신
634,sappi
635,자바데몬
636,numpy
637,sparrow
638,정보통신계열전공자
639,kernel
640,암호화
641,aggrid
642,기계
643,엑셀
644,phthon
645,qtmodelinglanguage
646,mcs
647,f/e
648,unity
649,mendix
650,vdi
651,mfc
652,5g모뎀프로토콜
653,nativeenglishspeaker
654,axi
655,산업안전기사자격
656,powershell
657,elk
658,hardhat
659,임베디드하드웨어
660,한국어
661,deeplearning
662,응용소프트웨어개발
663,크롤링
664,geoserver
665,tc작성
666,r프로그램
667,evm
668,sdc
669,ocr
670,시장분석
671,jiraslack
672,ta
673,iso9001
674,플래시
675,firebase
676,네트웍프로세서
677,gui가능자(mfc)
678,db-sql
679,이더넷통신장비
680,armcortex-m
681,js
682,html
683,ceph
684,illustrator
685,오실로스코프
686,openstack
687,gpt
688,winapi
689,체계수립
690,nifi
691,gulp
692,client
693,isms-p
694,stm32mcu
695,dataquality
696,helm
697,프레젠테이션
698,github경험
699,voip
700,storage
701,vuex
702,m3
703,어드민
704,파이썬
705,rancher
706,compositionapi
707,react.js
708,nwtwork
709,ostgresql
710,전기제어
711,tableau
712,maya
713,c#.net
714,unreal
715,django
716,seo
717,rag
718,highcharts
719,jenkins
720,dbeaver
721,pm2
722,network
723,db2
724,파이오링크(l4)
725,보험사
726,scsp
727,plm
728,powerbuilder
729,영상화질튜닝
730,go
731,visualbasic
732,ai모델개발
733,dbquery
734,데이터분석
735,ner
736,교강사
737,데이터마트
738,hpc
739,query
740,데이터노드
741,앱
742,arcgisenterprise
743,powerplatform
744,apachecordova
745,제안전략
746,hybernate
747,산출물
748,trino
749,cloudservice
750,dm
751,전자정부프레임워크
752,네트웍게이트웨이
753,nexacroplatform
754,한드림넷(보안l2)
755,프로세스개선
756,r프로그래밍
757,시큐아이
758,application
759,pspice
760,unrealengine
761,aosp
762,리눅스서버개발
763,mediator
764,uicomponents
765,hana
766,태깅
767,인프라운영
768,윈도우즈서버
769,es8
770,sw개발
771,golang
772,rman
773,익스트림네트웍스(l2/l3)
774,정산및분석
775,itgc
776,간호사면허
777,metaverse
778,개발qa
779,인프라기술
780,테스터
781,센서
782,graphql
783,사방넷
784,lvds
785,ad
786,.netc#
787,프론트엔드
788,aem
789,h/w
790,시스템설계
791,presentation
792,tcp
793,radiofrequency
794,ble
795,코인거래경험
796,dbms
797,반응형웹
798,oracleexadata
799,javascript
800,three.js
801,wincctouch
802,포티넷
803,solidity
804,그래픽
805,ips
806,ncp
807,apache
808,sping
809,pinlayout
810,스패로우
811,css
812,일어
813,복합기
814,visualcomponents
815,nac
816,rancher/k8s
817,msa
818,athena
819,제안서
820,cc++
821,abapfi
822,앱작업
823,mariadb
824,.netframwork
825,정책분석
826,l2
827,엔코더
828,256)
829,항해사
830,analogcircuit
831,unity3d
832,ca(클라우드아키텍처)
833,sap
834,상경계열
835,보안솔루션
836,전자회로
837,scala
838,개발
839,1종보통운전면허
840,보고서작성
841,kotlin
842,unrealenginedeveloper
843,saphana
844,cs
845,csts자격
846,websquare
847,c등
848,모터
849,임베디드시스템
850,oauth
851,tensorrt
852,infoobjects
853,튜닝
854,mysqql
855,ccie
856,node.js
857,celery
858,wdk
859,automotive
860,embedded
861,uds/ota개발경력
862,ccna
863,취약점진단
864,llm
865,소프트웨어개발
866,cloudscp
867,jncia
868,안테나모듈설계
869,wlan(aruba)
870,mci
871,objectdetection
872,네트워크관리
873,gan
874,codepush
875,texasinstruments
876,uart통신
877,webpack
878,vuejs
879,8051
880,webtob/jeus
881,aicpa자격
882,기관사
883,nerf
884,hfss
885,tweenmax
886,네트워크엔지니어
887,실내건축기능사자격
888,plotly
889,채용
890,batch
891,druid
892,c/c++
893,mysql(mariadb)
894,xframe
895,네트워크운영
896,안랩
897,개발지식보유
898,cross-platform
899,sybase
900,콜시스템
901,cf
902,프로시저
903,system운영
904,toml
905,customui
906,ciscoswitch
907,itdevice
908,납땜
909,nt
910,웹스퀘어
911,awsglue
912,abapcbo
913,asp.netcore
914,nuxt.js
915,전자계산기
916,uikit
917,objectstorage
918,miplatform
919,eg
920,웹기능전반
921,pc관리
922,xbuiler
923,데스크톱가상화
924,멀티미디어
925,데이터관리체계구축
926,공학계열
927,jpt
928,프레임워크
929,네트워크통신
930,mos자격
931,데이터컨설팅
932,awsshell
933,계량시스템제어
934,flask
935,하드웨어
936,autocad
937,request
938,db프로그래밍
939,시설구축
940,teams
941,visualstudio
942,erwin
943,platform
944,armcoretex
945,androidcompose
946,ip
947,daas
948,npuai
949,visionalgorithmondsp
950,c언어개발
951,2d
952,objective-c
953,window프로그래밍
954,vehicle
955,win32
956,케이블결선
957,linuxos
958,javaspringboot
959,ids
960,con
961,javaprogram
962,relational&document
963,cisa자격
964,fat자격
965,eap
966,etl
967,서버관리
968,prism
969,차량통신
970,websocket
971,secui
972,tcp/ip통신
973,github
974,hitachi
975,품질경영기사자격
976,aa
977,thymeleaf
978,작물재배
979,ar
980,정보보호관리체계운영
981,솔루션
982,리눅스커널
983,pcl
984,전기
985,hpe
986,s/w기능테스트
987,시스템운영
988,강의
989,전자제어
990,atmega(328
991,ansysfluent
992,lucene
993,nvidia
994,전자입찰
995,rdb
996,pp
997,typeorm
998,viva
999,publiccloud
1000,사무기기유지보수
1001,dsp
1002,indesign
1003,pki
1004,awsredshift
1005,software
1006,약사면허
1007,.netmvc
1008,유사업종근무경험
1009,sqld자격
1010,consulting
1011,tca
1012,struts
1013,retrofit
1014,gxworks
1015,ldap
1016,네이티브앱개발
1017,정보처리기능사자격
1018,지브러쉬
1019,blueprint
1020,ex-builder
1021,ml
1022,aws경험
1023,데이터품질
1024,gcc
1025,axgate
1026,정보통신감리
1027,리플리케이션
1028,마이그레이션
1029,접근제어
1030,fedora
1031,socket
1032,appliction
1033,nft
1034,freertos
1035,it기획
1036,troubleshooing
1037,applicationarchitecture
1038,3dmax
1039,유/무선네트워크관리
1040,정보통신망법등법률이해
1041,javanetworkprogramming
1042,쿠버네티스
1043,salesforce
1044,database
1045,uvm
1046,패킷분석
1047,intellij
1048,routing
1049,윈도우서버
1050,영어작문
1051,elasticsearch
1052,경영지도사자격
1053,logic
1054,상품
1055,appliance
1056,네트웍통신
1057,emr
1058,ui5
1059,webos
1060,amazoneks
1061,프론트앤드
1062,fast-api
1063,citrix
1064,tcp·ip
1065,olap
1066,이러닝
1067,saplumira
1068,nodejsexpress
1069,tms
1070,gpfs
1071,5g
1072,그누보드
1073,설계
1074,ito
1075,공통
1076,atlassian
1077,idc네트워크장비구성및설정
1078,argocd
1079,인공지능
1080,교사
1081,astro
1082,spa/ssr
1083,visualstudio2017
1084,scna
1085,aspice
1086,3d
1087,컨설팅
1088,qm
1089,pdn
1090,온라인플랫폼
1091,라즈베리파이
1092,전자정부표준프레임워크
1093,녹취
1094,pc정비
1095,파이널컷
1096,laravelframwork
1097,f/w개발
1098,pc포맷
1099,cloudabap
1100,diango
1101,무역영어
1102,ibatis
1103,efcore
1104,oop
1105,stylus
1106,spa
1107,windowsserver
1108,sip
1109,모의해킹
1110,커뮤니케이션
1111,scada
1112,qml
1113,kasconsole
1114,mwaa
1115,webtob
1116,sw
1117,ems
1118,robotics
1119,backup
1120,oracleh/w
1121,rap
1122,huggingface
1123,레이다
1124,동시성프로그램개발
1125,businessanalyst
1126,springbatch
1127,toeic
1128,시스템보안
1129,doip
1130,통신
1131,아두이노
1132,rpa
1133,eslint
1134,데이터표준화
1135,iaac
1136,ontune
1137,pro-c
1138,elasticstack
1139,mfa
1140,splunk
1141,mssql
1142,oslo
1143,memoq
1144,증권?업무?유경험자
1145,보험사운영
1146,s/w기술지원
1147,cpp
1148,streamlit
1149,teradata
1150,코어엣지(coreedge)
1151,hpccloud
1152,clouddb
1153,spi
1154,snort
1155,웹프로그레머
1156,lin
1157,cfa자격
1158,yarn
1159,systemdesk
1160,dns
1161,pos
1162,비전검사
1163,cc
1164,aria(vrealize)
1165,tomcat
1166,api개발
1167,기초프로그램
1168,vsan
1169,awscloud
1170,cisco
1171,asp
1172,script
1173,end-point
1174,renesas
1175,r&s
1176,spreadsheets
1177,framework
1178,it개발
1179,c#winform
1180,pk
1181,visualassistx
1182,scss
1183,swit
1184,보세사자격
1185,db보안
1186,ibsheetgrid
1187,awsathena
1188,opticalfibercable
1189,sapanalysisforoffice
1190,linunx
1191,와이어프레임
1192,springboot3
1193,전산장비
1194,nlu
1195,rxswoft
1196,querydsl
1197,datastructure
1198,메타버스
1199,hilt
1200,vslam
1201,vb.net
1202,.net
1203,로봇
1204,시스코
1205,reactivestream
1206,arcgispro
1207,view
1208,방화벽운영
1209,vhdl
1210,클라우드
1211,웹기획자
1212,anyframe
1213,shadcn/ui
1214,mpu
1215,html5
1216,시스템사양분석
1217,av
1218,dapp
1219,dl
1220,cti
1221,solidjs
1222,classicasp
1223,rdms
1224,전자기기기능사자격
1225,istqb자격
1226,s/4hana
1227,컨설팅보고서
1228,restful
1229,개인정보보호
1230,javaswing
1231,hadoop
1232,3dgraphics
1233,voxel
1234,networkcable포설
1235,프로그래밍언어
1236,스마트팩토리
1237,언리얼엔진
1238,netapp
1239,데이터아키텍처
1240,사무자동화
1241,kafka
1242,ms-office
1243,c언어
1244,dcs
1245,redhat
1246,keyshot
1247,dhcp
1248,mr
1249,boost
1250,navercloud
1251,vtk
1252,api
1253,gsm
1254,was
1255,openjdk
1256,microsoft365
1257,chunk
1258,네트웍스위치
1259,selenium
1260,tdd
1261,git
1262,vios
1263,postgres
1264,아바야
1265,아키텍처
1266,프로엔지니어
1267,language개발능력자
1268,azuresynapse
1269,pwa
1270,sis
1271,노코드활용
1272,babel
1273,ms-sql/db/db관리/
1274,onnx
1275,kisacsapsaas
1276,전산세무자격
1277,리눅스
1278,도커
1279,컴퓨터
1280,os
1281,공인중개사자격
1282,istio
1283,소켓통신
1284,redhatlinux
1285,시설관리
1286,wildfly
1287,swift(rxswift일부)
1288,proc
1289,spingboot
1290,서버인프라운영
1291,한컴
1292,차세대시스템
1293,altibase
1294,건축기사자격
1295,testcase
1296,networkserver
1297,c-isam
1298,compiler
1299,gaiq자격
1300,eclip
1301,presales
1302,s3
1303,sapbc
1304,egovframework
1305,보안
1306,fpga
1307,weblogic
1308,무선설비기사자격
1309,센서제어
1310,std
1311,db
1312,모델링및쿼리튜닝
1313,oracl
1314,파월빌더
1315,armarchitecture
1316,blazor
1317,웹접근성
1318,ct
1319,backend
1320,네트워크설정
1321,jupyterlab
1322,vue3
1323,nexcore
1324,cdw
1325,frontapplication
1326,farspread
1327,opsgenie
1328,네트워크관리사자격
1329,nmap
1330,flow
1331,cnn
1332,풀스택
1333,oraclerac
1334,uwb
1335,디바이스드라이버
1336,정보통신기술자경력수첩
1337,클라이언트/서버프로그래밍
1338,x++
1339,전기산업기사자격
1340,it프로젝트관리
1341,디지털신호처리
1342,시리얼통신
1343,optimizingml
1344,spring-boot
1345,데이터전략
1346,pads
1347,네트워크
1348,apex
1349,프리젠테이션
1350,자바스크립트
1351,csr
1352,securityf/w
1353,데이터이행
1354,iso26262
1355,실무프로젝트
1356,smarta
1357,네트워크개발
1358,vim
1359,기획전략
1360,인공지능객체인식모델링
1361,xml
1362,codevisionavr
1363,협업툴
1364,건설안전기사자격
1365,c#wpf
1366,esp32
1367,inventor
1368,sd
1369,ssh
1370,figma
1371,전기기능사자격
1372,위수탁사점검
1373,arcgis
1374,aruba
1375,redash
1376,lavfilter
1377,secs/gem
1378,jest
1379,reactnative
1380,andorid
1381,없음
1382,switch
1383,m4
1384,virtualizatio
1385,redmine
1386,api경험자
1387,matplotlib
1388,fpag설게
1389,pokylinux
1390,terraform
1391,psm
1392,db-ddl
1393,mapbox
1394,f#
1395,h/w설계
1396,네트워크기본지식
1397,사업계획서
1398,csp
1399,cli
1400,refactoring
1401,intune
1402,primavera
1403,영림원erp
1404,nuxt
1405,centos
1406,정부과제
1407,bluetooth
1408,pl/sql
1409,통합로그관리
1410,mts
1411,보안시스템
1412,jvm
1413,rd
1414,back-office
1415,osi7layer
1416,orxplatformornexacro
1417,jeus
1418,verilog
1419,블록체인
1420,crm
1421,웹개발
1422,openshift
1423,itsm
1424,3d모델링
1425,loadrunner
1426,빅데이터분석
1427,vxrail
1428,tibero
1429,뱅킹
1430,로우코드
1431,cortex-m0
1432,exbuilder
1433,rf
1434,aml
1435,기획
1436,labview
1437,네트워크설계
1438,secs
1439,com
1440,컴퓨터활용능력
1441,backupsystem
1442,전기공사기사자격
1443,webdynpro
1444,bc
1445,견적
1446,jira
1447,sapfi
1448,animation
1449,windowsbasedgui개발
1450,app
1451,opc
1452,리서치
1453,apachespark
1454,웹게임
1455,unix/x86서버유지보수및관리
1456,pc정비사
1457,opencl
1458,포토샵
1459,sqlite
1460,ieee802.11wi-fi
1461,c#
1462,edw
1463,pcap
1464,technicalprojectmanage
1465,excel
1466,imply
1467,awsservices
1468,restfulapi
1469,itil
1470,gcp
1471,resful
1472,mobileweb
1473,cv2
1474,sds
1475,embdeedlinuxapplication
1476,fep
1477,분석설계
1478,테이블오더
1479,bsp
1480,nms
1481,datastoreobjects(dso)
1482,모바일웹
1483,combine
1484,gcs
1485,서비스기획
1486,btp
1487,uart
1488,협정
1489,pms
1490,asp.netmvc
1491,코드이그나이트
1492,html5canvas
1493,서버운영
1494,springmvc
1495,유지보수
1496,nextjs
1497,stable-diffusion
1498,word
1499,vlan
1500,mobx
1501,네트워크구축
1502,jwt
1503,str
1504,gistool
1505,asyncprogramming
1506,matlab
1507,frontendengineer
1508,xaml
1509,php
1510,웹표준
1511,scm개발
1512,perforce
1513,prisma
1514,pic
1515,rf무선통신
1516,udp
1517,swift
1518,cdc
1519,on-premad
1520,소프트웨어계열전공자
1521,sprint
1522,스위치
1523,nosql
1524,qt
1525,reactcontext
1526,ibmaix
1527,카시오페
1528,vue.js
1529,직업훈련
1530,globalpathalgrithm
1531,uiux
1532,detectron2
1533,perl
1534,제안서작성및발표
1535,grafana
1536,springframework
1537,lwc
1538,pinpoint
1539,cst
1540,istqbfl
1541,atlassianjira
1542,견적/발주관리
1543,k8s
1544,aproductowner
1545,tc개발
1546,태블릿관리
1547,ruby
1548,allegro
1549,ci
1550,generativeai
1551,iocp
1552,어셈블리
1553,sapmm
1554,기술지원
1555,trello
1556,rocky
1557,linux/unix기반c/c++
1558,lenovo
1559,xplatform
1560,emc
1561,ansible
1562,하이브리드ad
1563,playauto
1564,prometheus
1565,엔드포인트보안
1566,hr
1567,bt
1568,cloud
1569,airflow
1570,모바일
1571,gauce
1572,express.js
1573,githubactions
1574,serial
1575,architecture
1576,cognex
1577,.netmaui
1578,운영업무
1579,무선ap
1580,테스트관리
1581,s/w관련지식
1582,위험물관리기능사자격
1583,사업관리
1584,aoi
1585,hmi
1586,poc
1587,시스템분석/설계
1588,ict
1589,cppg
1590,xilinx
1591,mes경험
1592,정보통신
1593,모델링
1594,회로설계
1595,교육훈련
1596,uwp
1597,camera
1598,ethernet
1599,webgl
1600,fluentvaildation
1601,leaflet.js
1602,워드
1603,devops
1604,po
1605,opticalfibercabletest
1606,pyspark
1607,넥싸크로
1608,웹서버
1609,minitab
1610,proframe
1611,cinema4d
1612,airtable
1613,iam
1614,mil
1615,iosmetallibrary
1616,공정관리
1617,revit
1618,l4
1619,치위생사면허
1620,postgresql
1621,caffe2
1622,confluence
1623,컴퓨터그래픽스운용기능사자격
1624,juniper
1625,swiftui
1626,아임웹
1627,mysqldb
1628,iac
1629,soc
1630,정보통신설계
1631,cissp자격
1632,그룹웨어
1633,next.js
1634,파워포인트
1635,a360
1636,크로스브라우징
1637,계측기하드웨어
1638,보안과제
1639,typesaript
1640,아날로그cctv제품하드웨어설계
1641,게임테스터
1642,anglura
1643,영어회화
1644,코딩자격증
1645,자동화장비개발
1646,ipc
1647,dbms경험
1648,hsk
1649,codeigniter4
1650,xlinxvivado
1651,유니티프로그램
1652,fastapi
1653,항해사승선
1654,문서작성
1655,인프라보안
1656,kendoui
1657,전용회선
1658,reactjs
1659,pmo
1660,빅데이터시각화
1661,flex
1662,아키텍쳐설계
1663,ml/dl
1664,vsp
1665,opencv
1666,모니모
1667,hrml
1668,arm
1669,etc
1670,cloudplatform
1671,catia
1672,servlet
1673,라우터
1674,jetpackcomposed
1675,공간정보
1676,githubaction
1677,sparksql
1678,infoscale
1679,마이크
1680,mcse
1681,클라우드환경
1682,bxmframework
1683,pc엔지니어
1684,gui
1685,ccnp
1686,jlpt
1687,getx
1688,adsp자격
1689,ftp
1690,네트워크관리사
1691,eclipse
1692,devexpress
1693,sequelize
1694,jni
1695,oa
1696,ocs/emr개발및유지보수
1697,siem
1698,windows
1699,powerbi
1700,langchain
1701,rds
1702,edc
1703,da#
1704,cloude
1705,조직관리
1706,solaris
1707,퇴직연금경력자우대
1708,schema
1709,ejb
1710,firmware
1711,xflr
1712,tcp/ip서버
1713,mysql
1714,opengl
1715,da
1716,밸런스기획
1717,fico
1718,adobexd
1719,flexlayout
1720,자바백단
1721,사무기기
1722,트러블슈팅
1723,aix/powerha/gpfs
1724,html코딩
1725,mvvm
1726,riverbedmodeler
1727,3dsmax
1728,im
1729,it에대한이해
1730,qgis
1731,시스템api
1732,artwork
1733,flowchart
1734,jncis
1735,비전ai
1736,exel
1737,데이터
1738,ctricx
1739,cve
1740,systemui
1741,.netcore
1742,analog
1743,plasmo
1744,비즈니스영어
1745,procedure
1746,jmeter
1747,bem
1748,netscaler
1749,무선프로토콜
1750,팔로알토
1751,shellscript
1752,vm
1753,정보통신기사자격
1754,oms
1755,svn
1756,window
1757,api연계
1758,log
1759,검증자동화개발
1760,javawebapplication
1761,powerautomate
1762,xr
1763,자연어처리
1764,as수리
1765,devexpress개발
1766,pc유지보수
1767,전산회계자격
1768,네트웍
1769,it시스템
1770,hibernate
1771,hsms
1772,webscrap
1773,웹기획기획
1774,시스템구축
1775,gis
1776,storedprocedure
1777,armcortex-m시리즈
1778,교환기
1779,스페인어
1780,adobe
1781,내부복제
1782,정보처리기사
1783,rabbitmq
1784,security
1785,qtlibrary
1786,원격
1787,kubernetes
1788,tailwindcss
1789,압축성유체해석
1790,androidstudio
1791,케이블포설
1792,기구
1793,spotfire
1794,javadaemon
1795,zabbix
1796,sapui5
1797,it제품기획
1798,networkcompression
1799,exchange
1800,erp정보관리사
1801,ehtercat
1802,인력관리
1803,scikit-learn
1804,matalb
1805,아마존웹서비스
1806,spread.net
1807,영카트
1808,datawarehouse
1809,heroku
1810,wips
1811,dba
1812,cubrid
1813,computervision
1814,객체지향프로그래밍
1815,springframwork
1816,golden
1817,koin
1818,제안서작성능력
1819,sentry
1820,shell
1821,ux
1822,시스템관리
1823,massiveparallelism
1824,angularjs
1825,awsrds
1826,logstash
1827,threading
1828,display
1829,xpedition
1830,webdyn-pro
1831,imagelibrary
1832,das
1833,스웨거
1834,autosar
1835,쿼리튜닝
1836,snowflake
1837,peerjs
1838,전장설계
1839,powerquery
1840,springbootframewook
1841,cctv
1842,erp
1843,바닐라자바
1844,pmp자격
1845,apollo
1846,datastage
1847,angular
1848,maven
1849,comfyui
1850,ivr
1851,ble통신
1852,contentfilter
1853,next.js(react)
1854,mongodb
1855,웹표준준수
1856,extjs
1857,tr
1858,scipy
1859,trigger
1860,bootstrap
1861,데이터관리
1862,webflux
1863,bubble.io
1864,정보통신시공
1865,junit
1866,hyper-v
1867,pathplanning
1868,모션제어
1869,mobile앱개발
1870,kubernet
1871,jpa
1872,개인정보보호법
1873,vcs
1874,java/web
1875,electron
1876,alot
1877,보험
1878,lamp
1879,sar
1880,펌웨어개발
1881,redux
1882,k8scluster
1883,singleinstructionmultip
1884,docker
1885,xilinxvivado
1886,임베디드리눅스
1887,hybrid
1888,오라클
1889,gdi
1890,adas
1891,cd
1892,건축설비기사자격
1893,도면
1894,프리미어
1895,sharedmemory
1896,전자정부표준프레임워크사용가능자
1897,loki
1898,아트웍
1899,bw
1900,mlops
1901,asm
1902,프로젝트수행
1903,laraval6버전
1904,mom
1905,microsoftoffice
1906,컴퓨터유지보수
1907,반도체기술지원
1908,성능인증
1909,codeigniter
1910,paloalto
1911,xcode
1912,mantis
1913,ssms
1914,이더스캔
1915,메카
1916,soap
1917,java개발
1918,srm
1919,paymentgateway(pg)
1920,flashcopy
1921,mcufw
1922,ios
1923,halcon
1924,awseks
1925,supabase
1926,pmp
1927,elb
1928,web-framework
1929,hci
1930,awsecs
1931,형상관리환경
1932,소켓
1933,drm
1934,sapco
1935,fiori
1936,hanadb
1937,utpcable
1938,c++
1939,stm32
1940,네트웍pc수리보안
1941,lte
1942,ap(무선)구성및설정
1943,인증서버
1944,분석
1945,제안발표
1946,ms-sql
1947,ccs
1948,clickup
1949,posgresql
1950,rhino
1951,commvault
1952,8051firmware
1953,adelaidet
1954,mqtt
1955,multithread
1956,macos/windowsos/linu
1957,wcdma
1958,네트워크관리사2급
1959,asp.net
1960,알고리즘
1961,npm
1962,ise
1963,codebeamer
1964,오픈소스
1965,academicresearch
1966,vba
1967,ts
1968,typescript
1969,classoasp
1970,algorithm
1971,si
1972,informatica
1973,라우터설정
1974,office관련자격증
1975,nodejs
1976,ios)
1977,tensorfflow
1978,codeigniterframework
1979,sapbw
1980,서버
1981,tencentcloud
1982,shaderprogramming
1983,dml
1984,touchui개발
1985,일본어
1986,ozreport
1987,can
1988,설비연계개발경험및통신프로토콜이해
1989,sase
1990,eclipse(중급이상)
1991,auroramysql
1992,tcpip통신
1993,vsphere
1994,unierp
1995,금융경력자
1996,isp
1997,os설정
1998,iso
1999,configuration
2000,bmt
2001,게임서비스운영
2002,machinelearning
2003,ibm
2004,cuda
2005,마이크로프로세서
2006,ipcc
2007,ide
2008,springsecurity
2009,node
2010,artworks
2011,photoshoplightroom
2012,photoshop
2013,uml
2014,databricks
2015,vmware
2016,사스
2017,fcm
2018,투찰
2019,데이터모델링
2020,vmwareesxi
2021,qnx
2022,tvm개발자
2023,flutter
2024,엠아이큐브
2025,dart
2026,redis
2027,uxui디자인
2028,h/w개발
2029,ocs
2030,terastream
2031,springcloud
2032,쇼핑몰
2033,middleware
2034,감리
2035,jquery
2036,dell
2037,iar
2038,altium
2039,vite
2040,b2b
2041,보안아키텍쳐설계
2042,aws
2043,ips등)
2044,web/was
2045,interface
2046,uiframework
2047,xamarin
2048,can통신및lin통신개발경력자
2049,nestjs
2050,회계
2051,라라벨
2052,awslambda
2053,cobol
2054,형상관리
2055,국방
2056,로봇설계
2057,server
2058,vue
2059,awselasticsearch
2060,가상화
2061,chatbot
2062,pc장비
2063,정보보호공시신청
2064,solr
2065,자료조사
2066,veu
2067,iso27001
2068,websqueare
2069,web
2070,pc
2071,snmp
2072,vitualc++
2073,세일즈포스
2074,cert
2075,awss3
2076,챗gpt
2077,slam
2078,ethereum
2079,프롬프트엔지니어링
2080,code-ray
2081,웹디자인
2082,k-studio
2083,nand
2084,java(androidapp)
2085,a-spice
2086,rdbms
2087,wcf
2088,automationanywhere
2089,simulink
2090,gstarcad
2091,방화벽관리
2092,di
2093,htmlcanvas
2094,2종보통운전면허
2095,motorcontrol
2096,plug-in커스터마이징가능
2097,orm
2098,dsp/mcu응용회로및전기전자analog
2099,pcbartwork
2100,vision
2101,fortinet
2102,ai
2103,viper
2104,머신러닝
2105,endpoint
2106,데이타마트
2107,3d애니메이션
2108,레거시
2109,redhatsoftware
2110,mig
2111,protocol
2112,alm
2113,nexaxro
2114,디자인시스템
2115,automapper
2116,solidworks
2117,렌탈
2118,강사
2119,워드프레스
2120,rtos
2121,인터페이스
2122,중국어
2123,websquare5
2124,stm
2125,es6
2126,javawebprogram
2127,전기기사자격
2128,linuxserver
2129,소스코드
2130,queue등ipc
2131,네이버클라우드
2132,esm
2133,ui
2134,lua
2135,2d설계
2136,ik
2137,slack
2138,vectordb
2139,영어
2140,atmega계열cpufw
2141,rails
2142,윈도우프로그램설치
2143,기계설비특급자격
2144,visualc·c++
2145,rust
2146,pyqt
2147,pc조립
2148,altera
2149,npu
2150,spring
2151,더존erp
2152,임대
2153,자바
2154,pledit
2155,디지털fpga설계및c언어사용가능자우대
2156,chart.js
2157,dlp
2158,navigation
2159,sharepoint
2160,소방설비산업기사자격
2161,asana
2162,back-end
2163,db2/400
2164,asic
2165,react-quer
