,industry,company_name,company_size,company_sales,company_url,company_img_url,company_addr
0,IT.정보통신업>게임.애니메이션,에이스톰,중소기업,명시되어있지않음,명시되어있지않음,https//imgs.jobkorea.co.kr/img1/_whitebg/200X80/Co_Logo/Logo/2018/12/04/2w1oq007Pn_gWuq2k3j23n0dqMhSl_6cqn.jpg?v=202405031749&hash=r&serviceCode=CL,서울강남구대치동996-17미래에셋벤처타워B동5층
1,IT.정보통신업>게임.애니메이션,(주)네오리진,중소기업,206억4천만,명시되어있지않음,https//imgs.jobkorea.co.kr/img1/_whitebg/200X80/Co_Logo/Logo/2022/11/08/JK_CO_uQIrIDo22110811422437.gif?v=202405031749,서울강남구논현1동57-38원영빌딩
2,IT.정보통신업>게임.애니메이션,(주)드래곤플라이,중소기업,123억6천만원(2023.12.31),http://www.dragonflygame.com,https//imgs.jobkorea.co.kr/img1/_whitebg/200X80/Co_Logo/Logo/2016/9/2q5sj004Dk_oG_2r2kk0ajFgO2jk.jpg?v=202405031749&hash=r&serviceCode=CL,서울서초구서초중앙로22길80(서초동)5층
3,IT.정보통신업>게임.애니메이션,㈜퍼니플럭스,중소기업,171억,http://www.funnyflux.kr,명시되어있지않음,"서울마포구매봉산로75(상암동,디디엠씨(DDMC))13층퍼니플럭스"
4,IT.정보통신업>게임.애니메이션,넷마블에프앤씨㈜,대기업계열사·자회사,751억1천만원(2022.12.31),http://company.netmarble.com/studio/list/fnc,https//imgs.jobkorea.co.kr/img1/_whitebg/200X80/Co_Logo/Logo/2020/11/10/2o3wx008Rb_iXektdd3l2mb0exYiUl_qz2xb.PNG?v=202405031750&hash=r&serviceCode=CL,"서울구로구디지털로26길38(구로동,G-SQUARE)27F~30F"
5,IT.정보통신업>게임.애니메이션,코뮤즈,중소기업,명시되어있지않음,명시되어있지않음,명시되어있지않음,경기파주시적성면가월리1852-3
6,IT.정보통신업>게임.애니메이션,아이지에스(주),대기업계열사·자회사,300억,http://igsinc.co.kr,https//imgs.jobkorea.co.kr/img1/_whitebg/200X80/Co_Logo/Logo/2016/2/2v19r007Px_sW8s2r3928x0drMdS8_5prx.jpg?v=202405031750&hash=r&serviceCode=CL,"서울영등포구문래로28길25(문래동3가,영시티)8층"
7,IT.정보통신업>게임.애니메이션,달콤소프트,중소기업,140억원,http://www.dalcomsoft.com/,https//imgs.jobkorea.co.kr/img1/_whitebg/200X80/Co_Logo/Logo/2015/7/2672q00aRn_oKzd6l1kw3325n0gqYsIg_0p9i2qn.gif?v=202405031750&hash=r&serviceCode=CL,서울강남구선릉로93길35(역삼동)2층
8,IT.정보통신업>게임.애니메이션,새롬애니메이션,중소기업,명시되어있지않음,http://www.saeromani.com,https//imgs.jobkorea.co.kr/img1/_whitebg/200X80/Co_Logo/Logo/2007/9/2Z5JF009DW_QGTXDA2G3N2IW0fFFCOX_WNALFW.jpg?v=202405031750&hash=r&serviceCode=CL,서울금천구가산동426-5월드메르디앙벤처센터2차501-509호
9,IT.정보통신업>게임.애니메이션,㈜스포피드,중소기업,139억3천2백만원,http://www.spolive.com,https//imgs.jobkorea.co.kr/img1/_whitebg/200X80/Co_Logo/Logo/2022/5/18/JK_CO_TCqGC4s22051815215139.jpg?v=202405031750,"서울강남구학동로206(논현동,동화빌딩)2층"
10,IT.정보통신업>게임.애니메이션,비쥬얼다트,중소기업,28억3천만원(2022.12.31),http://www.visualdart.com,명시되어있지않음,"서울송파구법원로128(문정동,문정에스케이브이원지엘메트로시티)B616"
11,IT.정보통신업>게임.애니메이션,엔팝,중소기업,명시되어있지않음,http://www.sunwoo.com,https//imgs.jobkorea.co.kr/img1/_whitebg/200X80/Co_Logo/Logo/2021/3/22/2l3fd008Ri_wXccclx3f2fi0edYeUe_cd2di.png?v=202405031750&hash=r&serviceCode=CL,"서울구로구디지털로32길30(구로동,코오롱디지털타워빌란트)1405호,1406호,1407호"
12,IT.정보통신업>게임.애니메이션,애니작,중소기업,21억8천만,http://www.anyzac.com,https//imgs.jobkorea.co.kr/img1/_whitebg/200X80/Co_Logo/Logo/2013/6/2k9qp006Xc_qGiqj2b2rc0cpVuRp_2pc.jpg?v=202405031750&hash=r&serviceCode=CL,"서울중구퇴계로20나길10(남산동2가)신화빌딩4층,5층"
13,IT.정보통신업>게임.애니메이션,드림팩토리스튜디오,중소기업,68억7백만원(2022.12.31),http://www.dreamfactorystudio.co.kr/,https//imgs.jobkorea.co.kr/img1/_whitebg/200X80/Co_Logo/Logo/2021/12/09/JK_CO_nIN2AgB21120918474508.png?v=202405031750,"서울강남구삼성로524(삼성동,세화빌딩)2,3층"
14,IT.정보통신업>게임.애니메이션,액트파이브,중소기업,10억8천만원(2020.12.31),http://act5.co.kr,https//imgs.jobkorea.co.kr/img1/_whitebg/200X80/Co_Logo/Logo/2021/3/16/2x1gq007Pr_fWiq2k3r2dr0dqMhSd_msqr.jpg?v=202405031750&hash=r&serviceCode=CL,서울강남구언주로617(논현동)5층액트파이브
15,IT.정보통신업>게임.애니메이션,㈜세가퍼블리싱코리아,중소기업,83억1천만원(2020.03.31),http://www.sega-spk.co.kr,명시되어있지않음,서울서초구서초대로347(서초동)1101호
16,IT.정보통신업>게임.애니메이션,로드컴플릿,중소기업,연평균70억원,http://www.loadcomplete.com,https//imgs.jobkorea.co.kr/img1/_whitebg/200X80/Co_Logo/Logo/2021/12/21/JK_CO_B5HNt5Z21122110513770.png?v=202405031750,경기성남시분당구삼평동로드컴플릿
17,IT.정보통신업>게임.애니메이션,스튜디오미르,중소기업,명시되어있지않음,http://www.studiomir.co.kr,https//imgs.jobkorea.co.kr/img1/_whitebg/200X80/Co_Logo/Logo/2012/9/2w7ox00aRv_qKgxif9ak3a22v0gxYeIi_zvld2xv.jpg?v=202405031750&hash=r&serviceCode=CL,서울금천구가산동디지털로9길33IT미래타워17층
18,IT.정보통신업>게임.애니메이션,코코모,중소기업,명시되어있지않음,명시되어있지않음,명시되어있지않음,"서울강남구테헤란로20길18,2층12호"
19,IT.정보통신업>게임.애니메이션,퍼펙트월드코리아,중소기업,64억1천만원(2023.12.31),http://www.pwrd.co.kr,https//imgs.jobkorea.co.kr/img1/_whitebg/200X80/Co_Logo/Logo/2014/7/2v1oj007Ps_sWui2h3q2ds0djMeSq_mvjs.jpg?v=202405031750&hash=r&serviceCode=CL,서울강남구역삼동
20,IT.정보통신업>게임.애니메이션,넷마블엔투주식회사,대기업,395억6천만원(2022.12.31),http://company.netmarble.com,https//imgs.jobkorea.co.kr/img1/_whitebg/200X80/Co_Logo/Logo/2017/13/2h1lj007P8_eWki2e3q2380djMtSq_69j8.png?v=202405031750&hash=r&serviceCode=CL,"서울구로구디지털로26길38(구로동,G-SQUARE)넷마블엔투"
21,IT.정보통신업>게임.애니메이션,우니꼬코리아,중소기업,"6억5,499만원(2022.12.31)",http://www.unicokorea.net,https//imgs.jobkorea.co.kr/img1/_whitebg/200X80/Co_Logo/Logo/2016/6/2s18o007Pj_rW5b2r3w24j0doMdSg_3ioj.jpg?v=202405031750&hash=r&serviceCode=CL,서울강남구테헤란로43길30(역삼동)리치타워5층
22,IT.정보통신업>게임.애니메이션,㈜스코넥 엔터테인먼,중소기업,명시되어있지않음,http://www.skonec.com,https//imgs.jobkorea.co.kr/img1/_whitebg/200X80/Co_Logo/Logo/2005/2/2g9mx006Xy_cGinv2j2ry0cxVkRj_2xy.gif?v=202405031750&hash=r&serviceCode=CL,"서울강남구선릉로577(역삼동,조선내화빌딩)9층스코넥엔터테인먼트"
23,IT.정보통신업>게임.애니메이션,(주)아이덴티티게임즈,중소기업,143억6천만원(2022.12.31),http://www.eyedentitygames.com,https//imgs.jobkorea.co.kr/img1/_whitebg/200X80/Co_Logo/Logo/2011/6/2v7va00aRk_qKjjijkjc3a2uk0gaYaIa_vuvd2ak.jpg?v=202405031750&hash=r&serviceCode=CL,"서울중구서애로33(필동3가,티엔에스빌딩)2,3층"
24,IT.정보통신업>게임.애니메이션,에이치투인터렉티브,중소기업,221억8천만원(2023.12.31),http://www.h2int.com,https//imgs.jobkorea.co.kr/img1/_whitebg/200X80/Co_Logo/Logo/2021/4/22/2a5nv009D5_dGcmwi2v3l2o50fvFaOs_q0ujv5.jpg?v=202405031750&hash=r&serviceCode=CL,서울강서구등촌동678-5에이치투아이앤티빌딩
25,IT.정보통신업>게임.애니메이션,퍼니툴즈,중소기업,7억3천만,http://funnytools.com,https//imgs.jobkorea.co.kr/img1/_whitebg/200X80/Co_Logo/Logo/2018/4/2056k009Dz_dG5r9j2k3625z0fkFdOo_9e6jkz.png?v=202405031750&hash=r&serviceCode=CL,"서울강남구선릉로76길39(대치동,명신빌딩)3층"
26,IT.정보통신업>게임.애니메이션,이데아게임즈,중견기업,107억4백만원(2014.12.31),http://www.bluepepper.co.kr,명시되어있지않음,"서울구로구디지털로300,14층"
27,IT.정보통신업>게임.애니메이션,삼십팔도씨,중소기업,"8억4,805만원(2020.12.31)",명시되어있지않음,명시되어있지않음,"광주남구제중로60,309호"
28,IT.정보통신업>게임.애니메이션,네이버제트,대기업,521억1천만원(2022.12.31),http://www.naverz-corp.com,https//imgs.jobkorea.co.kr/img1/_whitebg/200X80/Co_Logo/Logo/2020/5/24/2q3vi008Rq_dXndjpc3i2qq0eiYgUj_aw2iq.jpg?v=202405031750&hash=r&serviceCode=CL,경기성남시분당구분당내곡로131(백현동)7층NAVERZ
29,IT.정보통신업>게임.애니메이션,갈라랩,중소기업,119억9천만원(2023.12.31),http://www.galalab.kr,https//imgs.jobkorea.co.kr/img1/_whitebg/200X80/Co_Logo/Logo/2024/2/02/JK_CO_YEiBeS124020218504511.jpg?v=202405031750,"경기성남시분당구분당내곡로117(백현동,그레이츠판교(GREITSPANGYO))5층"
30,IT.정보통신업>게임.애니메이션,㈜위메이드커넥트,중소기업,266억2천만,https://wemadeconnect.com/,https//imgs.jobkorea.co.kr/img1/_whitebg/200X80/Co_Logo/Logo/2021/12/15/JK_CO_EMCQryg21121517415091.gif?v=202405031750,"경기성남시분당구황새울로360번길42(서현동,AK플라자)16층(분당스퀘어)"
31,IT.정보통신업>게임.애니메이션,두리시스템테크놀로지,중소기업,30억,http://www.dooreesystem.com,https//imgs.jobkorea.co.kr/img1/_whitebg/200X80/Co_Logo/Logo/2016/5/2a5kj009Dx_qGcqog2a3x2xx0fjFxOc_fgfljx.gif?v=202405031750&hash=r&serviceCode=CL,경기성남시중원구상대원1동311-3우림라이온스밸리1차1117호
32,IT.정보통신업>게임.애니메이션,어썸피스,개인소기업,명시되어있지않음,http://awesomepiece.com,https//imgs.jobkorea.co.kr/img1/_whitebg/200X80/Co_Logo/Logo/2012/12/2q1dq007Pt_qWmq2v3o2ct0dqMsSu_neqt.jpg?v=202405031750&hash=r&serviceCode=CL,서울관악구봉천동1686-21호전빌딩3층
33,IT.정보통신업>게임.애니메이션,창유닷컴코리아,중소기업,92억9천만원(2022.12.31),http://changyou.co.kr,https//imgs.jobkorea.co.kr/img1/_whitebg/200X80/Co_Logo/Logo/2014/8/2b3ts008Rl_bXqudxz3w2cl0esYwUv_oo2sl.JPG?v=202405031750&hash=r&serviceCode=CL,서울강남구테헤란로314금성빌딩
34,IT.정보통신업>게임.애니메이션,로이비쥬얼,중소기업,100억,http://www.roivisual.com,https//imgs.jobkorea.co.kr/img1/_whitebg/200X80/Co_Logo/Logo/2015/7/2x5nq009Dx_pGflwi2i3e2sx0fqFaOa_zgguqx.jpg?v=202405031750&hash=r&serviceCode=CL,서울강남구학동로30길5(논현동)양진프라자2-7층
35,IT.정보통신업>게임.애니메이션,스위트몬스터,중소기업,50억,http://www.sweetmonster.co.kr,https//imgs.jobkorea.co.kr/img1/_whitebg/200X80/Co_Logo/Logo/2022/3/30/JK_CO_sZsHBJ222033014264192.png?v=202405031751,"서울강남구테헤란로39길50(역삼동)2층,스위트몬스터(주)"
36,IT.정보통신업>게임.애니메이션,에이디엠아이,중소기업,10억4천만원(2022.12.31),http://www.admi.co.kr,https//imgs.jobkorea.co.kr/img1/_whitebg/200X80/Co_Logo/Logo/2014/12/2935q008Rz_rX3w1ta3423z0eqYoU8_9j2qz.jpg?v=202405031751&hash=r&serviceCode=CL,대전유성구수통골로55번길95-4(덕명동)301호
37,IT.정보통신업>게임.애니메이션,토즈스튜디오,중소기업,"2억5,922만원(2018.12.31)",http://www.tozani.kr,https//imgs.jobkorea.co.kr/img1/_whitebg/200X80/Co_Logo/Logo/2017/13/2315h007Pg_6W9k2n3922g0dhMbS8_2whg.jpg?v=202405031751&hash=r&serviceCode=CL,서울구로구구로3동222-3JNK디지털타워405호
38,IT.정보통신업>게임.애니메이션,이사칠마이튜터,중소기업,명시되어있지않음,http://247mytech.com,https//imgs.jobkorea.co.kr/img1/_whitebg/200X80/Co_Logo/Logo/2019/2/2f7k000aR1_zKv6v4luv3v2o10g0Y8Ik_e5gw201.png?v=202405031751&hash=r&serviceCode=CL,"서울강남구도곡로112(도곡동,서한빌딩)서한빌딩2층"
39,IT.정보통신업>게임.애니메이션,스노우파이프,중소기업,10억,http://www.snowpipe.co.kr/v2/kr/,https//imgs.jobkorea.co.kr/img1/_whitebg/200X80/Co_Logo/Logo/2014/10/2l3lc008Ri_tXrfdxm3a2ci0ecYwUe_ed2ci.jpg?v=202405031751&hash=r&serviceCode=CL,"서울강남구영동대로106길11(삼성동,창성빌딩)3층,4층"
40,IT.정보통신업>게임.애니메이션,팩토리얼게임즈,중소기업,43억5천만,http://factorialgames.com/,https//imgs.jobkorea.co.kr/img1/_whitebg/200X80/Co_Logo/Logo/2019/5/2h1wf00cPq_hWlxqsxwarq4p2fq0ifMrSg_dqekgj2fq.png?v=202405031751&hash=r&serviceCode=CL,경기광명시일직로43(일직동)GIDCC동601호~613호
41,IT.정보통신업>게임.애니메이션,아이스크림스튜디오,중소기업,명시되어있지않음,http://www.eyescream.tv,https//imgs.jobkorea.co.kr/img1/_whitebg/200X80/Co_Logo/Logo/2020/3/2j7wa00aRk_xKljnj9io3p22k0gaYaIo_auzx2ak.png?v=202405031751&hash=r&serviceCode=CL,광주광역시동구금남로245(금남로1가)전일빌딩703호
42,IT.정보통신업>게임.애니메이션,제페토,중소기업,81억5천만,http://www.zepetto.com,https//imgs.jobkorea.co.kr/img1/_whitebg/200X80/Co_Logo/Logo/2017/7/2d1kb007Pm_mWhn2e3k2wm0dbMtSh_gdbm.png?v=202405031751&hash=r&serviceCode=CL,"서울마포구마포대로45(도화동,일진빌딩)6층"
43,IT.정보통신업>게임.애니메이션,오즈인터미디어,중소기업,10억4천만원(2021.12.31),http://www.oz.co.kr,https//imgs.jobkorea.co.kr/img1/_whitebg/200X80/Co_Logo/Logo/2014/5/2d1rg00cPb_jWmwurpkqjo4z2qb0igMdSh_lnmidd2gb.JPG?v=202405031751&hash=r&serviceCode=CL,서울구로구구로3동우림이비즈센터빌딩2차1104호
44,IT.정보통신업>게임.애니메이션,에프앤아이,중소기업,10억1천만원(2021.12.31),http://www.fnikorea.com,https//imgs.jobkorea.co.kr/img1/_whitebg/200X80/Co_Logo/Logo/2019/6/2d9gg006Xc_rGmfj2x2ac0cgVaRk_2gc.jpg?v=202405031751&hash=r&serviceCode=CL,"경기성남시분당구판교로253(삼평동,판교이노밸리)B동903호"
45,IT.정보통신업>게임.애니메이션,엔트리소프트,중소기업,540만원(2019.12.31),명시되어있지않음,https//imgs.jobkorea.co.kr/img1/_whitebg/200X80/Co_Logo/Logo/2016/8/2x5rd009Ds_cGfjkl2a3g2vs0fdFqOc_xvsads.jpg?v=202405031751&hash=r&serviceCode=CL,"서울강남구테헤란로322(역삼동,한신인터밸리24빌딩)21층"
46,IT.정보통신업>게임.애니메이션,아인픽춰스,중소기업,11억9천만원(2020.12.31),http://www.einpictures.co.kr,https//imgs.jobkorea.co.kr/img1/_whitebg/200X80/Co_Logo/Logo/2016/9/2v7oa00aRi_tKojecaai3f2ji0gaYjIi_valb2ai.jpg?v=202405031751&hash=r&serviceCode=CL,"인천연수구송도미래로30(송도동,송도BRC스마트밸리지식산업센터)E동902호"
47,IT.정보통신업>게임.애니메이션,중앙애니메이션,중소기업,12억9천만원(2022.12.31),명시되어있지않음,명시되어있지않음,광주남구송하동CGI센터2층201호
48,IT.정보통신업>게임.애니메이션,캡콤엔터테인먼트코리아,중소기업,94억4천만원(2015.03.31),명시되어있지않음,명시되어있지않음,"서울강남구테헤란로416,15층"
49,IT.정보통신업>게임.애니메이션,스튜디오애니멀,중소기업,명시되어있지않음,http://www.studioanimal.co.kr,https//imgs.jobkorea.co.kr/img1/_whitebg/200X80/Co_Logo/Logo/2017/2/2273n00aRj_zKsp9a9pl3222j0gnYiIn_9c6w2nj.jpg?v=202405031751&hash=r&serviceCode=CL,경기부천시부일로487(심곡동)2층
50,IT.정보통신업>게임.애니메이션,스마투스,중소기업,명시되어있지않음,https://denations.com/,https//imgs.jobkorea.co.kr/img1/_whitebg/200X80/Co_Logo/Logo/2021/1/06/2k1wn007Pu_hWgc2q3w2cu0dnMqSg_nonu.png?v=202405031751&hash=r&serviceCode=CL,"서울중구세종대로136(태평로1가,파이낸스빌딩)3019호"
51,IT.정보통신업>게임.애니메이션,일렉트릭서커스,중소기업,10억9백만원(2018.12.31),http://www.electriccircus.kr,명시되어있지않음,"서울영등포구양평로24,6층615호"
52,IT.정보통신업>게임.애니메이션,위크로스,중소기업,10억7천만원(2016.12.31),명시되어있지않음,명시되어있지않음,"대구중구국채보상로586,16층1680호"
53,IT.정보통신업>게임.애니메이션,해피업,중소기업,명시되어있지않음,http://www.happyupstudio.com,https//imgs.jobkorea.co.kr/img1/_whitebg/200X80/Co_Logo/Logo/2020/7/27/2d9oi006Xn_fGbrz2o2tn0ciVaRf_2in.png?v=202405031751&hash=r&serviceCode=CL,"서울구로구디지털로288(구로동,대륭포스트타워1차)20층2001호(주)해피업"
54,IT.정보통신업>게임.애니메이션,게임피아,중소기업,659억5천만원(2023.12.31),http://www.egamepia.co.kr,https//imgs.jobkorea.co.kr/img1/_whitebg/200X80/Co_Logo/Logo/2012/5/2018n007Pz_1W5c2m3321z0dnMvS6_7anz.gif?v=202405031751&hash=r&serviceCode=CL,"경기안양시만안구일직로94번길35(석수동,게임피아주식회사)게임피아"
55,IT.정보통신업>게임.애니메이션,소프트닉스,중소기업,87억3천만원(2019.12.31),http://corp.softnyx.co.kr,https//imgs.jobkorea.co.kr/img1/_whitebg/200X80/Co_Logo/Logo/2018/12/2895x00bXk_vGun6f3j2c3526k0hxVgRc_eg3h2kxk.gif?v=202405031751&hash=r&serviceCode=CL,서울강남구선릉로93길40(역삼동)나라키움역삼A빌딩
56,IT.정보통신업>게임.애니메이션,제이투와이소프트,중소기업,34억6천만원(2023.12.31),명시되어있지않음,명시되어있지않음,"서울구로구디지털로272(구로동,한신아이티타워)702"
57,IT.정보통신업>게임.애니메이션,하이브로,중소기업,139억9천만원(2023.12.31),명시되어있지않음,명시되어있지않음,"서울강남구영동대로432,4층(대치동,준앤빌딩)"
58,IT.정보통신업>게임.애니메이션,하운드13,중소기업,명시되어있지않음,https://www.hound13.com,https//imgs.jobkorea.co.kr/img1/_whitebg/200X80/Co_Logo/Logo/2016/9/2i13z007Pg_jW6a2b3z24g0dzMoSp_3wzg.jpg?v=202405031751&hash=r&serviceCode=CL,서울서초구서초중앙로24길10(서초동)10층(316타워)
59,IT.정보통신업>게임.애니메이션,씨씨알,중소기업,42억5천만원(2022.12.31),http://www.ccr.co.kr,https//imgs.jobkorea.co.kr/img1/_whitebg/200X80/Co_Logo/Logo/2006/10/2i7io005Ro_oK2i2o2ko0boYlIg_oo.gif?v=202405031751&hash=r&serviceCode=CL,서울강남구삼성동143-9창조빌딩4층
60,IT.정보통신업>게임.애니메이션,(주)투바앤,벤처기업,256억6천만,http://tubaani.com,https//imgs.jobkorea.co.kr/img1/_whitebg/200X80/Co_Logo/Logo/2022/11/18/JK_CO_patryx22111810440308.png?v=202405031751,"서울종로구경희궁1길1(신문로2가,주식회사투바앤)투바앤건물"
61,IT.정보통신업>게임.애니메이션,피그,중견기업,19억4천만원(2022.12.31),http://www.pig.games,https//imgs.jobkorea.co.kr/img1/_whitebg/200X80/Co_Logo/Logo/2019/3/2x3le008Rr_sXjl3bu3q24r0eeYvUw_ea2er.png?v=202405031751&hash=r&serviceCode=CL,"서울서초구강남대로479(반포동,신논현타워)2층"
62,IT.정보통신업>게임.애니메이션,111퍼센트,중소기업,321억6천만원(2023.12.31),http://www.111percent.com,https//imgs.jobkorea.co.kr/img1/_whitebg/200X80/Co_Logo/Logo/2020/8/26/2i7c900aR9_tKl2a2vjo3j2v90g9Y9Ia_o2jb299.png?v=202405031751&hash=r&serviceCode=CL,"서울강남구테헤란로152(역삼동,강남파이낸스센터)33층"
63,IT.정보통신업>게임.애니메이션,블루아크글로벌,중소기업,49억5천만원(2014.12.31),http://www.blueark.com,https//imgs.jobkorea.co.kr/img1/_whitebg/200X80/Co_Logo/Logo/2016/10/2695m00bXl_jGoa2o3q2v3620l0hmVfRp_ye2m7lml.JPG?v=202405031751&hash=r&serviceCode=CL,"서울강남구테헤란로501(삼성동,브이플렉스)5층501호"
64,IT.정보통신업>게임.애니메이션,레드덕,중소기업,82억6천만원(2017.12.31),http://www.redduck.com,명시되어있지않음,서울강남구봉은사로619
65,IT.정보통신업>게임.애니메이션,에이치앤씨게임즈,중소기업,100억원,명시되어있지않음,https//imgs.jobkorea.co.kr/img1/_whitebg/200X80/Co_Logo/Logo/2016/4/2j72m00aRj_pKznxi9pw3x22j0gmYoIn_ac9t2mj.jpg?v=202405031751&hash=r&serviceCode=CL,"서울강남구삼성로507(삼성동,JS타워)8층,에이치앤씨게임즈"
66,IT.정보통신업>게임.애니메이션,(주)에이스프로젝트,중소기업,44억,http://www.aceproject.co.kr,https//imgs.jobkorea.co.kr/img1/_whitebg/200X80/Co_Logo/Logo/2021/1/18/2r7in00aRo_tKgpajvok3j2vo0gnYaIl_diob2no.png?v=202405031751&hash=r&serviceCode=CL,"서울중구을지로264(을지로6가,롯데FiTin)11층"
67,IT.정보통신업>게임.애니메이션,사이드9,중소기업,20억6천만,http://www.side9.net,https//imgs.jobkorea.co.kr/img1/_whitebg/200X80/Co_Logo/Logo/2013/4/2p95x006Xa_jG8nd2m24a0cxVdR3_2xa.jpg?v=202405031752&hash=r&serviceCode=CL,서울금천구가산동에이스하이엔드타워7차701호
68,IT.정보통신업>게임.애니메이션,인디고엔터테인먼트,중소기업,18억7천만원(2023.12.31),http://www.indigoent.com,https//imgs.jobkorea.co.kr/img1/_whitebg/200X80/Co_Logo/Logo/2016/4/2076i00aRj_iKga4d7tk3721j0giYqIp_3c0a2ij.jpg?v=202405031752&hash=r&serviceCode=CL,경기용인시기흥구영덕동흥덕IT밸리타워동317호
69,IT.정보통신업>게임.애니메이션,스마트빅,중소기업,97억,명시되어있지않음,https//imgs.jobkorea.co.kr/img1/_whitebg/200X80/Co_Logo/Logo/2016/12/2s1jn00cPu_lWacsqgktrv4w2eu0inMqSh_dorjlf2nu.PNG?v=202405031752&hash=r&serviceCode=CL,"부산해운대구센텀서로30(우동,케이엔엔타워)26층"
70,IT.정보통신업>게임.애니메이션,디지탈이메이션,중소기업,120억,http://www.emation.co.kr,https//imgs.jobkorea.co.kr/img1/_whitebg/200X80/Co_Logo/Logo/2012/2/2c3av008Rq_oXzbqpt3j2wq0evYgUd_rw2vq.gif?v=202405031752&hash=r&serviceCode=CL,서울구로구구로동811코오롱싸이언스밸리2차1301호
71,IT.정보통신업>게임.애니메이션,메이븐이미지플랫폼,중소기업,32억8천만원(2022.12.31),http://mavenimage.com/,https//imgs.jobkorea.co.kr/img1/_whitebg/200X80/Co_Logo/Logo/2022/2/18/JK_CO_8pDtiy022021818135009.png?v=202405031752,"서울구로구디지털로26길5(구로동,에이스하이엔드타워1차)1311호"
72,IT.정보통신업>게임.애니메이션,㈜모어앤컴퍼니,중소기업,146억2천만원(2023.12.31),명시되어있지않음,명시되어있지않음,"서울성동구자동차시장1길70(용답동,장안평중고자동차시장)B동3층311호"
73,IT.정보통신업>게임.애니메이션,사이펀,중소기업,32억9천만원(2019.12.31),명시되어있지않음,명시되어있지않음,"서울영등포구양평로22길21,1402호"
74,IT.정보통신업>게임.애니메이션,블루사이드,중소기업,명시되어있지않음,http://www.blueside.co.kr,명시되어있지않음,경기성남시분당구삼평동621번지판교이노밸리A동4층
75,IT.정보통신업>게임.애니메이션,스튜디오라온,중소기업,명시되어있지않음,http://www.facebook.com/studioraon.inc/,https//imgs.jobkorea.co.kr/img1/_whitebg/200X80/Co_Logo/Logo/2016/11/2f7le00aRe_sKqfsliad3l2ae0geYsIi_efsl2ee.png?v=202405031752&hash=r&serviceCode=CL,"서울구로구디지털로33길28(구로동,우림이비지센터1차)309호"
76,IT.정보통신업>게임.애니메이션,디스이즈게임닷컴,개인소기업,20억,http://www.thisisgame.com,https//imgs.jobkorea.co.kr/img1/_whitebg/200X80/Co_Logo/Logo/2015/11/2a7km00aRn_tKxnzbjux3w2cn0gmYtIk_ipgb2mn.JPG?v=202405031752&hash=r&serviceCode=CL,"서울강남구테헤란로78길12(대치동,MSA빌딩)12층"
77,IT.정보통신업>게임.애니메이션,㈜심지,중소기업,명시되어있지않음,http://simglab.com/,https//imgs.jobkorea.co.kr/img1/_whitebg/200X80/Co_Logo/Logo/2018/10/2534c008Rr_vX8f2tb3922r0ecYoU9_3a2cr.jpg?v=202405031752&hash=r&serviceCode=CL,울산울주군청량읍율리영해1길54(율리)주식회사심지
78,IT.정보통신업>게임.애니메이션,레트로봇,중소기업,10억원이상,https://www.potendogs.com,https//imgs.jobkorea.co.kr/img1/_whitebg/200X80/Co_Logo/Logo/2016/5/2k73l00aRa_lKhovv0km3v26a0glYvIg_gj6o2la.jpg?v=202405031752&hash=r&serviceCode=CL,"서울구로구디지털로33길55(구로동,이앤씨벤처드림타워2차)1005호"
79,IT.정보통신업>게임.애니메이션,바나나몬,중소기업,"8억4,005만원(2018.12.31)",http://www.bananamon.com,명시되어있지않음,"대구중구국채보상로582,12층"
80,IT.정보통신업>게임.애니메이션,엔플루토,대기업,명시되어있지않음,http://www.npluto.com,명시되어있지않음,"경기성남시분당구판교로723,B동901호"
81,IT.정보통신업>게임.애니메이션,위놉스,중소기업,10억1천만,명시되어있지않음,https//imgs.jobkorea.co.kr/img1/_whitebg/200X80/Co_Logo/Logo/2019/3/2j9az006Xj_kGxwm2g2nj0czVcRm_2zj.png?v=202405031752&hash=r&serviceCode=CL,제주제주시영평동2231-2201호
82,IT.정보통신업>게임.애니메이션,우리라인,중소기업,명시되어있지않음,http://www.wooriline.com,https//imgs.jobkorea.co.kr/img1/_whitebg/200X80/Co_Logo/Logo/2013/2/2k1jn007Pf_hWlc2b3b2df0dnMoSo_mxnf.jpg?v=202405031752&hash=r&serviceCode=CL,"경기고양시일산동구호수로358-39(백석동,동문타워I)607호"
83,IT.정보통신업>게임.애니메이션,메이플라워엔터테인먼트,중소기업,"5억4,526만원(2022.12.31)",http://www.mayflowerent.com,https//imgs.jobkorea.co.kr/img1/_whitebg/200X80/Co_Logo/Logo/2015/8/2k9Jw006Xp_JGVuq2M2Hp0cwVuRC_2wp.jpg?v=202405031752&hash=r&serviceCode=CL,"서울금천구가산디지털1로212(가산동,코오롱디지털타워애스턴)304-2호"
84,IT.정보통신업>게임.애니메이션,세계사이버기원,중소기업,26억7천만원(2019.12.31),http://www.cyberoro.com,https//imgs.jobkorea.co.kr/img1/_whitebg/200X80/Co_Logo/Logo/2011/10/2q3qs008Rl_dXwuwec3x2xl0esYfUj_jo2sl.gif?v=202405031752&hash=r&serviceCode=CL,"서울중구삼일대로4길9(충무로2가,라이온스빌딩)13층세계사이버기원"
85,IT.정보통신업>게임.애니메이션,아크스튜디오,중소기업,5억8천,http://www.arcstudios.com,https//imgs.jobkorea.co.kr/img1/_whitebg/200X80/Co_Logo/Logo/2016/4/2e5iw009Dq_fGznao2v3q2gq0fwFuOs_jlxxwq.jpg?v=202405031752&hash=r&serviceCode=CL,"서울금천구가산디지털1로168(가산동,우림라이온스밸리)C-411(가산동,우림라이온스밸리)"
86,IT.정보통신업>게임.애니메이션,엔큐게임즈,중소기업,10억1천만원(2016.12.31),명시되어있지않음,명시되어있지않음,"서울마포구매봉산로37,7층"
87,IT.정보통신업>게임.애니메이션,반다이남코엔터테인먼트코리아,중소기업,명시되어있지않음,https://www.bandainamcoent.asia/ko-kr,https//imgs.jobkorea.co.kr/img1/_whitebg/200X80/Co_Logo/Logo/2023/2/06/JK_CO_FXYacjP23020611291763.gif?v=202405031752,서울시중구서소문로89
88,IT.정보통신업>게임.애니메이션,아코즈테크놀러지스,중소기업,명시되어있지않음,http://www.akoztech.com,https//imgs.jobkorea.co.kr/img1/_whitebg/200X80/Co_Logo/Logo/2015/5/2s3uq008Rm_nXdwaxi3c2vm0eqYwUk_sy2qm.jpg?v=202405031752&hash=r&serviceCode=CL,서울금천구가산동월드메르디앙벤처1차1304호
89,IT.정보통신업>게임.애니메이션,스카이피플,중소기업,30억7천만원(2019.12.31),http://www.skypeople.co.kr,https//imgs.jobkorea.co.kr/img1/_whitebg/200X80/Co_Logo/Logo/2021/12/02/2e95x00bXy_bGknlk3m2t3m22y0hxVuRj_bvjt5gxy.png?v=202405031752&hash=r&serviceCode=CL,"경기성남시분당구판교로253(삼평동,판교이노밸리)A동5층"
90,IT.정보통신업>게임.애니메이션,와이즈캣,중견기업,명시되어있지않음,http://www.wisecat.co.kr,명시되어있지않음,"서울강남구테헤란로79길6,5층브이731"
91,IT.정보통신업>게임.애니메이션,(주)네오위즈홀딩스,대기업,150만원,http://www.neowiz.com,https//imgs.jobkorea.co.kr/img1/_whitebg/200X80/Co_Logo/Logo/2011/9/2n5iy009Dm_dGwfag2q3a2fm0fyFxOj_cwyjym.gif?v=202405031752&hash=r&serviceCode=CL,경기성남시분당구삼평동629네오위즈판교타워
92,IT.정보통신업>게임.애니메이션,일리언,중소기업,명시되어있지않음,명시되어있지않음,명시되어있지않음,"경기성남시분당구황새울로360번길21,R동1061호"
93,IT.정보통신업>게임.애니메이션,해머엔터테인먼트,중소기업,"1,386만원(2019.12.31)",http://www.hammerent.co.kr,https//imgs.jobkorea.co.kr/img1/_whitebg/200X80/Co_Logo/Logo/2019/6/2g9mn00bXp_wGozkujm2v3l2qp0hnVwRj_yqouplnp.png?v=202405031752&hash=r&serviceCode=CL,서울강남구테헤란로69길5(삼성동)유기타워7층
94,IT.정보통신업>게임.애니메이션,블루클라우드,중소기업,"2억3,129만원(2019.12.31)",http://www.bluecloud.co.kr,명시되어있지않음,"서울구로구디지털로285(구로동,에이스트윈타워1차)401호"
95,IT.정보통신업>게임.애니메이션,제이씨플래닛,중소기업,8억7천만원,http://www.jcplanet.com,https//imgs.jobkorea.co.kr/img1/_whitebg/200X80/Co_Logo/Logo/2013/8/2w3cp008Rs_hXirklg3d2ss0epYeUq_du2ps.jpg?v=202405031752&hash=r&serviceCode=CL,경기성남시수정구복정로133(복정동)3층
96,IT.정보통신업>게임.애니메이션,비주얼샤워,중소기업,44억원,http://www.visualshower.com,https//imgs.jobkorea.co.kr/img1/_whitebg/200X80/Co_Logo/Logo/2016/11/2w1di007Pn_gWmg2a3t2jn0diMzSw_lcin.png?v=202405031752&hash=r&serviceCode=CL,"서울강남구테헤란로427(삼성동,위워크타워)7층"
97,IT.정보통신업>게임.애니메이션,호남통신,중소기업,37억7백만원(2023.12.31),명시되어있지않음,명시되어있지않음,전남목포시백년대로231번길21
98,IT.정보통신업>게임.애니메이션,픽스트랜드,중소기업,"3억2,816만원(2020.12.31)",http://www.pixtrend.com,https//imgs.jobkorea.co.kr/img1/_whitebg/200X80/Co_Logo/Logo/2007/2/2q3de008Rr_kXdlzhs3c2jr0eeYyUj_ia2er.gif?v=202405031752&hash=r&serviceCode=CL,"서울금천구디지털로9길46(가산동,이앤씨드림타워7차)1108-2호"
99,IT.정보통신업>게임.애니메이션,류니,중소기업,명시되어있지않음,http://www.ryuni.com,명시되어있지않음,"경기성남시분당구탄천상로164(구미동,시그마2오피스텔)F동1층30호"
100,IT.정보통신업>게임.애니메이션,올엠,중소기업,00억,http://www.allm.co.kr,https//imgs.jobkorea.co.kr/img1/_whitebg/200X80/Co_Logo/Logo/2006/3/2e3fq008Rh_oXwwcgt3x2fh0eqYhUf_cg2qh.gif?v=202405031752&hash=r&serviceCode=CL,"서울구로구디지털로288(구로동,대륭포스트타워1차)1504호,1502호"
101,IT.정보통신업>게임.애니메이션,에이디애니메이션,중소기업,17억4천만원(2017.12.31),명시되어있지않음,명시되어있지않음,"서울구로구디지털로30길31,1006호"
102,IT.정보통신업>게임.애니메이션,펄어비스,중소기업,419만원,http://www.pearlabyss.com,https//imgs.jobkorea.co.kr/img1/_whitebg/200X80/Co_Logo/Logo/2019/13/2m7xt00aRa_lKnbkpxlp3u2xa0gtYnIs_hjxo2ta.gif?v=202405031736&hash=r&serviceCode=CL,"경기과천시과천대로2길48(갈현동,펄어비스홈원)펄어비스홈원"
103,IT.정보통신업>게임.애니메이션,(주)엔씨소프트,중견기업,1조7011억,http://kr.ncsoft.com,https//imgs.jobkorea.co.kr/img1/_whitebg/200X80/Co_Logo/Logo/2019/10/2w1kj007Pr_gWhi2c3x22r0djMnSf_2sjr.jpg?v=202405031736&hash=r&serviceCode=CL,경기성남시분당구삼평동668번지
104,IT.정보통신업>게임.애니메이션,(주)네오플,대기업계열사·자회사,"9,514억",http://www.neople.co.kr,https//imgs.jobkorea.co.kr/img1/_whitebg/200X80/Co_Logo/Logo/2004/10/2o3ws008Rq_zXfujdj3e2qq0esYiUl_qw2sq.jpg?v=202405031736&hash=r&serviceCode=CL,제주제주시1100로3198-13(노형동)네오마루
105,IT.정보통신업>게임.애니메이션,㈜컴투스,중견기업,7722억원,http://com2us.com,https//imgs.jobkorea.co.kr/img1/_whitebg/200X80/Co_Logo/Logo/2021/12/21/JK_CO_JZRxW2E21122119144073.png?v=202405031736,"서울금천구가산디지털1로131(가산동,BYCHIGHCITY)A동"
106,IT.정보통신업>게임.애니메이션,라이엇게임즈코리아,중소기업,"3,786억3천만원(2022.12.31)",http://www.leagueoflegends.co.kr,https//imgs.jobkorea.co.kr/img1/_whitebg/200X80/Co_Logo/Logo/2011/13/2v5mf009Ds_wGsxve2l3o2gs0ffFzOq_uvxnfs.gif?v=202405031736&hash=r&serviceCode=CL,"서울강남구테헤란로521(삼성동,파르나스타워)30층"
107,IT.정보통신업>게임.애니메이션,더블다운인터액티브,중견기업,3188억만원,https://www.doubledowninteractive.co.kr/,https//imgs.jobkorea.co.kr/img1/_whitebg/200X80/Co_Logo/Logo/2020/8/12/2l1ih007Pd_kWjk2z3r2sd0dhMpSd_rrhd.jpg?v=202405031736&hash=r&serviceCode=CL,"서울강남구테헤란로152(역삼동,강남파이낸스센터)13층"
108,IT.정보통신업>게임.애니메이션,한국닌텐도(주),중견기업,"2,996억9천만원(2023.03.31)",http://www.nintendo.co.kr,https//imgs.jobkorea.co.kr/img1/_whitebg/200X80/Co_Logo/Logo/2020/5/13/2d7yj00aRi_vKjcgcgjc3k2ki0gjYjIa_qafv2ji.jpg?v=202405031736&hash=r&serviceCode=CL,"서울특별시중구통일로2길16,2층(순화동,AIA타워)"
109,IT.정보통신업>게임.애니메이션,(주)위메이드,중견기업,1198억8천만,http://corp.wemade.com,https//imgs.jobkorea.co.kr/img1/_whitebg/200X80/Co_Logo/Logo/2019/3/JK_CO_wehr. WEMADE Logotype.png?v=202405031736,경기성남시분당구삼평동676위메이드타워
110,IT.정보통신업>게임.애니메이션,크래프톤,대기업,1조9106,http://krafton.com/,https//imgs.jobkorea.co.kr/img1/_whitebg/200X80/Co_Logo/Logo/2022/5/16/JK_CO_qHaews922051611264488.gif?v=202405031736,"서울강남구테헤란로231(역삼동,센터필드)EAST타워"
111,IT.정보통신업>게임.애니메이션,(주)네오위즈,중견기업,"2,864억4천만원(2023.12.31)",http://www.neowiz.com/neowiz,https//imgs.jobkorea.co.kr/img1/_whitebg/200X80/Co_Logo/Logo/2017/5/2j5md004Dm_qG_2w2lm0adFvO2dm.gif?v=202405031736&hash=r&serviceCode=CL,"경기성남시분당구대왕판교로645번길14(삼평동,네오위즈)네오위즈판교타워네오위즈"
112,IT.정보통신업>게임.애니메이션,㈜스마일게이트홀딩스,중견기업,명시되어있지않음,명시되어있지않음,https//imgs.jobkorea.co.kr/img1/_whitebg/200X80/Co_Logo/Logo/2023/6/2h98x00bXw_lGtnvd6m2q3m22w0hxVaRj_puje5sxw.gif?v=202405031736&hash=r&serviceCode=CL,"경기성남시분당구삼평동673안랩,쏠리드"
113,IT.정보통신업>게임.애니메이션,넷마블(주),명시되어있지않음,명시되어있지않음,http://company.netmarble.com,https//imgs.jobkorea.co.kr/img1/_whitebg/200X80/Co_Logo/Logo/2016/5/2l5sd009Dc_tGqjgv2n3h2ac0fdFsOw_eaczdc.jpg?v=202405031736&hash=r&serviceCode=CL,"서울구로구디지털로26길38(구로동,G-SQUARE)넷마블"
114,IT.정보통신업>게임.애니메이션,(주)조이시티,중견기업,"1,496억",http://www.joycity.com,https//imgs.jobkorea.co.kr/img1/_whitebg/200X80/Co_Logo/Logo/2013/7/2r1cx007Pr_dWnp2d3i2qr0dxMmSj_qsxr.gif?v=202405031736&hash=r&serviceCode=CL,경기성남시분당구분당로55(서현동)분당퍼스트타워10층
115,IT.정보통신업>게임.애니메이션,시프트업,중소기업,"1,685억9천만원(2023.12.31)",http://www.shiftup.co.kr,https//imgs.jobkorea.co.kr/img1/_whitebg/200X80/Co_Logo/Logo/2014/8/2e5ff009Dv_kGzxyi2v3t2lv0ffFaOs_lmqrfv.jpg?v=202405031736&hash=r&serviceCode=CL,"서울서초구서초대로77길55(서초동,에이프로스퀘어)4,14,15층시프트업"
116,IT.정보통신업>게임.애니메이션,데브시스터즈㈜,중소기업,명시되어있지않음,http://www.devsisters.com,https//imgs.jobkorea.co.kr/img1/_whitebg/200X80/Co_Logo/Logo/2018/2/JK_CO_extrastd1.25.22.png?v=202405031736,서울강남구도산대로327(신사동)15층
117,IT.정보통신업>게임.애니메이션,㈜모비릭스,중소기업,706억,http://www.mobirix.com,https//imgs.jobkorea.co.kr/img1/_whitebg/200X80/Co_Logo/Logo/2016/12/2r1ru007Pg_dWdo2f3j2yg0duMaSl_cwug.gif?v=202405031737&hash=r&serviceCode=CL,"서울금천구가산디지털1로186(가산동,제이플라츠)604-607호,901호,902호일부,1401호"
118,IT.정보통신업>게임.애니메이션,㈜더블유게임즈,중견기업,6581억7천만원,http://www.doubleugames.com,https//imgs.jobkorea.co.kr/img1/_whitebg/200X80/Co_Logo/Logo/2014/13/2g5qw009Dk_mGxnja2p3g29k0fwFcOb_xr4wwk.jpg?v=202405031737&hash=r&serviceCode=CL,"서울강남구테헤란로152(역삼동,강남파이낸스센터)13,16층"
119,IT.정보통신업>게임.애니메이션,(주)그라비티,중견기업,"2,327억1천만원(2022.12.31)",http://www.gravity.co.kr,https//imgs.jobkorea.co.kr/img1/_whitebg/200X80/Co_Logo/Logo/2015/11/2g1ks007Pl_iWhv2q3r2ll0dsMqSd_kjsl.jpg?v=202405031737&hash=r&serviceCode=CL,서울마포구상암동1605번지누리꿈스퀘어비즈니스타워15층
120,IT.정보통신업>게임.애니메이션,지앤아이소프트,중소기업,77억4천만,http://www.gnisoft.co.kr,https//imgs.jobkorea.co.kr/img1/_whitebg/200X80/Co_Logo/Logo/2022/8/11/JK_CO_IaEY7dV22081111464569.png?v=202405031737,"서울구로구디지털로34길27(구로동,대륭포스트타워3차)610호"
121,IT.정보통신업>게임.애니메이션,키글,중소기업,47.4억,http://www.kigle.co.kr,https//imgs.jobkorea.co.kr/img1/_whitebg/200X80/Co_Logo/Logo/2020/7/07/2h11v007Pd_eW7m2v3d25d0dvMsSm_9rvd.jpg?v=202405031737&hash=r&serviceCode=CL,"서울서초구방배로18길5(방배동,BH빌딩)3층(주)키글"
122,IT.정보통신업>게임.애니메이션,㈜에스에이엠지엔터테인먼트,중소기업,683억,http://samg.net,https//imgs.jobkorea.co.kr/img1/_whitebg/200X80/Co_Logo/Logo/2021/4/20/2u95x006Xp_tG2nq2s26p0cxVwR3_2xp.png?v=202405031737&hash=r&serviceCode=CL,서울강남구테헤란로325(역삼동)어반벤치빌딩8층
123,IT.정보통신업>게임.애니메이션,㈜한빛소프트,중소기업,116억3천만원(2023.12.31),http://www.hanbitsoft.co.kr,https//imgs.jobkorea.co.kr/img1/_whitebg/200X80/Co_Logo/Logo/2011/10/2a3va008Rq_fXkvjde3s2qq0eaYiUr_aw2aq.jpg?v=202405031737&hash=r&serviceCode=CL,"서울금천구가산디지털1로186(가산동,제이플라츠)15층1506호"
124,IT.정보통신업>게임.애니메이션,(주)포켓몬코리아,중소기업,675억9천만원(2023.12.31),http://www.pokemonkorea.co.kr,https//imgs.jobkorea.co.kr/img1/_whitebg/200X80/Co_Logo/Logo/2010/2/2d1wt007Pg_mWge2m3o2ig0dtMvSu_jwtg.jpg?v=202405031737&hash=r&serviceCode=CL,"경기용인시수지구신수로801(동천동,GHD코리아)"
125,IT.정보통신업>게임.애니메이션,밸로프,중소기업,140억2천만원(2021.12.31),http://www.valofe.com/,명시되어있지않음,"서울금천구디지털로130,6층601호,602호,603호"
126,IT.정보통신업>게임.애니메이션,(유)앤서스랩코리아,중소기업,451억,http://www.nsuslab.com,https//imgs.jobkorea.co.kr/img1/_whitebg/200X80/Co_Logo/Logo/2022/3/17/JK_CO_U7uoiMv22031714450775.jpg?v=202405031737,"서울강남구언주로609(논현동,팍스타워)"
127,IT.정보통신업>게임.애니메이션,㈜위메이드플레이,중견기업,772억,http://www.sundaytoz.com,https//imgs.jobkorea.co.kr/img1/_whitebg/200X80/Co_Logo/Logo/2022/5/20/JK_CO_avhfsLT22052018102677.png?v=202405031737,경기성남시분당구서현동.
128,IT.정보통신업>게임.애니메이션,엑스엘게임즈,대기업,474억4천만,http://www.xlgames.com,https//imgs.jobkorea.co.kr/img1/_whitebg/200X80/Co_Logo/Logo/2019/7/2q1dc007Pe_qWmy2v3o2ce0dcMsSu_nhce.jpg?v=202405031737&hash=r&serviceCode=CL,"경기성남시분당구대왕판교로645번길14(삼평동,네오위즈)7층"
129,IT.정보통신업>게임.애니메이션,라인스튜디오,대기업,311억7천만원(2023.03.31),https://linestudio.com,https//imgs.jobkorea.co.kr/img1/_whitebg/200X80/Co_Logo/Logo/2019/12/2933s008R-_2X9u6923521-0esY8U8_1-2s-.jpg?v=202405031737&hash=r&serviceCode=CL,"경기성남시분당구황새울로360번길42(서현동,AK라인스튜디오"
130,IT.정보통신업>게임.애니메이션,넷마블넥서스,중견기업,273억4천만원(2022.12.31),http://www.netmarblenexus.co.kr,https//imgs.jobkorea.co.kr/img1/_whitebg/200X80/Co_Logo/Logo/2016/2/2650d009Dc_zG9j5c2x3920c0fdFhOf_4a5edc.jpg?v=202405031737&hash=r&serviceCode=CL,"서울구로구디지털로26길38(구로동,G-SQUARE)-"
131,IT.정보통신업>게임.애니메이션,넷마블네오,대기업,552억7천만원(2023.12.31),http://company.netmarble.com/studio/list/neo,https//imgs.jobkorea.co.kr/img1/_whitebg/200X80/Co_Logo/Logo/2015/11/2q9mv00bXf_cGchpljg2s3u2nf0hvVoRk_towjxjvf.jpg?v=202405031737&hash=r&serviceCode=CL,"서울구로구디지털로26길38(구로동,G-SQUARE)넷마블신사옥"
132,IT.정보통신업>게임.애니메이션,(주)이스트게임즈,중소기업,113억5천만,http://estgames.co.kr/,https//imgs.jobkorea.co.kr/img1/_whitebg/200X80/Co_Logo/Logo/2023/7/05/JK_CO_xTinfjW23070515092150.jpg?v=202405031737,"서울서초구반포대로3(서초동,이스트빌딩)5층(주)이스트게임즈"
133,IT.정보통신업>게임.애니메이션,(주)엠게임,중소기업,559억,http://www.mgame.com,https//imgs.jobkorea.co.kr/img1/_whitebg/200X80/Co_Logo/Logo/2003/10/2t7wz005Rp_zK2w2p2jp0bzYnIa_zp.jpg?v=202405031737&hash=r&serviceCode=CL,"서울강남구역삼로136(역삼동,신명빌딩)1층슬로우커피"
134,IT.정보통신업>게임.애니메이션,(주)액토즈소프트,중견기업,명시되어있지않음,http://www.actoz.com,https//imgs.jobkorea.co.kr/img1/_whitebg/200X80/Co_Logo/Logo/2023/7/11/JK_CO_VxKdo2j23071112081677.png?v=202405031737,"서울중구서애로5길33(필동3가)1,4,5F"
135,IT.정보통신업>게임.애니메이션,레드로버,중소기업,"4억2,485만원(2023.12.31)",http://www.redrover.co.kr,https//imgs.jobkorea.co.kr/img1/_whitebg/200X80/Co_Logo/Logo/2020/9/22/2u5lq009Dc_qGplqq2g3a20c0fqFjOx_ca5lqc.png?v=202405031737&hash=r&serviceCode=CL,경기광주시중앙로78(역동)311호
136,IT.정보통신업>게임.애니메이션,그램퍼스,중소기업,28억4천만원(2020.12.31),http://www.grampus.co,https//imgs.jobkorea.co.kr/img1/_whitebg/200X80/Co_Logo/Logo/2015/9/2x7cp00aRl_zKetipobf3a2il0gpYnIt_xojw2pl.jpg?v=202405031737&hash=r&serviceCode=CL,"서울강남구테헤란로431(삼성동,라이언타워)저스트코타워10층"
137,IT.정보통신업>게임.애니메이션,(주)엔트리브소프트,중견기업,66억1천만원(2022.12.31),http://www.ntreev.com,https//imgs.jobkorea.co.kr/img1/_whitebg/200X80/Co_Logo/Logo/2006/8/2l9mc006Xv_jGsjh2m2iv0ccVoRj_2cv.gif?v=202405031737&hash=r&serviceCode=CL,"경기성남시분당구대왕판교로606번길10(백현동,알파리움1단지)5층"
138,IT.정보통신업>게임.애니메이션,유니아나,중소기업,60억2031만원,http://www.uniana.com,https//imgs.jobkorea.co.kr/img1/_whitebg/200X80/Co_Logo/Logo/2018/2/2d9jf006Xc_pGpoj2q2qc0cfVaRc_2fc.png?v=202405031737&hash=r&serviceCode=CL,서울양천구목5동907-18
139,IT.정보통신업>게임.애니메이션,㈜마상소프트,중소기업,100억,http://www.masangsoft.com,https//imgs.jobkorea.co.kr/img1/_whitebg/200X80/Co_Logo/Logo/2017/9/2819l007Ph_5W8j2c3326h0dlMnS6_0klh.png?v=202405031737&hash=r&serviceCode=CL,"부산해운대구우동센텀서로30,19층"
140,IT.정보통신업>게임.애니메이션,에코킹덤,중소기업,명시되어있지않음,명시되어있지않음,https//imgs.jobkorea.co.kr/img1/_whitebg/200X80/Co_Logo/Logo/2018/1/15/2s9gj00bXi_kGamtzkv2j3p2ui0hjVnRy_crdgwdji.jpg?v=202405031737&hash=r&serviceCode=CL,서울강남구논현동125-17수정빌딩401호
141,IT.정보통신업>게임.애니메이션,넥슨GT㈜,대기업계열사·자회사,63만원,http://www.nexon-gt.com,https//imgs.jobkorea.co.kr/img1/_whitebg/200X80/Co_Logo/Logo/2014/4/2u9zt006Xp_jGasq2m2dp0ctVwRn_2tp.jpg?v=202405031737&hash=r&serviceCode=CL,경기성남시분당구삼평동631판교테크노밸리C3-7B동넥슨지티(주)
142,IT.정보통신업>게임.애니메이션,(주)조이맥스,중소기업,75억8천만원(2022.12.31),http://www.wemademax.com,https//imgs.jobkorea.co.kr/img1/_whitebg/200X80/Co_Logo/Logo/2022/2/08/JK_CO_bjBfVOG22020817193763.JPG?v=202405031737,"경기성남시분당구대왕판교로644번길49(삼평동,위메이드타워)4층"
143,IT.정보통신업>게임.애니메이션,쿡앱스,중소기업,830억,http://www.cookapps.com,https//imgs.jobkorea.co.kr/img1/_whitebg/200X80/Co_Logo/Logo/2022/7/20/JK_CO_b6ZreHn22072018444744.png?v=202405031737,"경기성남시분당구대왕판교로660(삼평동,유스페이스1)유스페이스1B동8층쿡앱스"
144,IT.정보통신업>게임.애니메이션,㈜플레이위드코리아,중소기업,285억5천만원(2023.12.31),http://www.playwith.co.kr,https//imgs.jobkorea.co.kr/img1/_whitebg/200X80/Co_Logo/Logo/2022/11/09/JK_CO_jpYfqFx22110911265652.png?v=202405031737,"서울서초구마방로60(양재동,동원에프앤비빌딩)동원에프엔비빌딩5층/6층/23층"
145,IT.정보통신업>게임.애니메이션,플레이위드게임즈,중소기업,126억3천만원(2023.12.31),http://www.playwith.co.kr,https//imgs.jobkorea.co.kr/img1/_whitebg/200X80/Co_Logo/Logo/2013/4/2y3qf008Rh_sXdehwu3c2gh0efYqUm_jg2fh.jpg?v=202405031737&hash=r&serviceCode=CL,"서울서초구마방로60(양재동,동원에프앤비빌딩)5,6,23층"
146,IT.정보통신업>게임.애니메이션,쏘뉴,중소기업,명시되어있지않음,http://www.sonew.co.kr,https//imgs.jobkorea.co.kr/img1/_whitebg/200X80/Co_Logo/Logo/2022/8/26/JK_CO_i05NUrV22082610222908.png?v=202405031737,서울광진구아차산로187(화양동)동신빌딩203호
147,IT.정보통신업>게임.애니메이션,라인게임즈,대기업계열사·자회사,명시되어있지않음,http://www.line.games,https//imgs.jobkorea.co.kr/img1/_whitebg/200X80/Co_Logo/Logo/2019/12/2n5ag009Da_cGwscj2p3z2xa0fgFdOb_tifaga.jpg?v=202405031737&hash=r&serviceCode=CL,"서울강남구테헤란로218(역삼동,APTower(에이피타워))2층"
148,IT.정보통신업>게임.애니메이션,그래피직스,중소기업,명시되어있지않음,http://www.grafizix.com,https//imgs.jobkorea.co.kr/img1/_whitebg/200X80/Co_Logo/Logo/2012/9/2a3av008Rj_xXnbywk3i2hj0evYqUr_rq2vj.jpg?v=202405031737&hash=r&serviceCode=CL,서울중구퇴계로20길71(남산동2가)3층
149,IT.정보통신업>게임.애니메이션,두루픽스,중소기업,명시되어있지않음,http://www.durufix.net,https//imgs.jobkorea.co.kr/img1/_whitebg/200X80/Co_Logo/Logo/2016/5/2s95m006Xf_2G0ao2627f0cmVtR3_2mf.jpg?v=202405031737&hash=r&serviceCode=CL,"서울금천구벚꽃로278(가산동,SJ테크노빌)709-1호"
150,IT.정보통신업>게임.애니메이션,스마일게이트메가포트,중견기업,2563억,http://smilegate.com,https//imgs.jobkorea.co.kr/img1/_whitebg/200X80/Co_Logo/Logo/2018/4/2t3bc00dRo_hXvfkaocvw2c4c2wo0jcYrUd_qtdgdbqsco.png?v=202405031738&hash=r&serviceCode=CL,경기성남시분당구판교로344(삼평동)스마일게이트캠퍼스9층
151,IT.정보통신업>게임.애니메이션,밥게이트,중소기업,30억3천만원(2022.12.31),http://www.bobgate.net,https//imgs.jobkorea.co.kr/img1/_whitebg/200X80/Co_Logo/Logo/2019/12/2v1ka007Pg_sWhf2f3q2dg0daMaSq_mwag.jpg?v=202405031738&hash=r&serviceCode=CL,"서울금천구두산로70(독산동,현대지식산업센터)A동609호"
152,IT.정보통신업>게임.애니메이션,일렉트로닉아츠코리아(유),외국계(외국법인기타),499억3천만원(2023.03.31),https://www.ea.com/studios/ea-korea,https//imgs.jobkorea.co.kr/img1/_whitebg/200X80/Co_Logo/Logo/2019/11/2c1xx007P8_nWfp2o3w2k80dxMuSg_h9x8.jpg?v=202405031738&hash=r&serviceCode=CL,서울특별시강남구테헤란로129강남N타워I17층
153,IT.정보통신업>게임.애니메이션,㈜세시소프트,중소기업,80억원,http://www.sesisoft.com,https//imgs.jobkorea.co.kr/img1/_whitebg/200X80/Co_Logo/Logo/2018/6/2f3kc008Rd_rXwfkfa3x2sd0ecYcUc_xc2cd.png?v=202405031738&hash=r&serviceCode=CL,"서울서초구방배로22길20(방배동)디와이즈빌딩1층,2층,3층,4층"
154,IT.정보통신업>게임.애니메이션,㈜노크노크,벤처기업,명시되어있지않음,http://www.jobkorea.co.kr/Super/noknok,https//imgs.jobkorea.co.kr/img1/_whitebg/200X80/Co_Logo/Logo/2012/3/2f5gd009Dx_dGyjxf2g3d2gx0fdFyOx_rgxjdx.jpg?v=202405031738&hash=r&serviceCode=CL,서울금천구가산동60-25벚꽃로234에이스하이엔드타워6차1204
155,IT.정보통신업>게임.애니메이션,피티더블유코리아,중소기업,명시되어있지않음,https://www.ptw.com/ko,https//imgs.jobkorea.co.kr/img1/_whitebg/200X80/Co_Logo/Logo/2019/3/2x3ce008Rk_mXjlqmy3q2wk0eeYtUw_ds2ek.png?v=202405031738&hash=r&serviceCode=CL,전남나주시우정로10(빛가람동)
156,IT.정보통신업>게임.애니메이션,㈜아이톡시,대기업계열사·자회사,281억,http://www.itoxi.co.kr,https//imgs.jobkorea.co.kr/img1/_whitebg/200X80/Co_Logo/Logo/2023/3/27/JK_CO_ncU7KWO23032714410914.JPG?v=202405031738,"서울강남구도산대로427(청담동,파모소빌딩)5F"
157,IT.정보통신업>게임.애니메이션,㈜탑코미디어,중소기업,148억3천만원(2023.12.31),http://www.topcomedia.co.kr,https//imgs.jobkorea.co.kr/img1/_whitebg/200X80/Co_Logo/Logo/2022/4/11/JK_CO_jJQUWps22041116450164.png?v=202405031738,"서울구로구디지털로26길111(구로동,제이앤케이디지털타워)1701호탑코미디어"
158,IT.정보통신업>게임.애니메이션,(주)게임빌,중견기업,1523억,https://com2us.com/holdings,https//imgs.jobkorea.co.kr/img1/_whitebg/200X80/Co_Logo/Logo/2021/12/03/JK_CO_Y0v7o8C21120311540277.png?v=202405031738,"서울금천구가산디지털1로131(가산동,BYCHIGHCITY)A동"
159,IT.정보통신업>게임.애니메이션,네시삼십삼분,중소기업,108억8천만원(2022.12.31),http://www.433.co.kr,https//imgs.jobkorea.co.kr/img1/_whitebg/200X80/Co_Logo/Logo/2023/10/20/JK_CO_pOy84qU23102011243136.png?v=202405031738,서울강남구삼성동153번지예림빌딩
160,IT.정보통신업>게임.애니메이션,핸디커뮤니케이션즈,중소기업,45억,http://www.handy.co.kr,https//imgs.jobkorea.co.kr/img1/_whitebg/200X80/Co_Logo/Logo/2019/7/2p5zv009Dw_jGbmtj2k3n2aw0fvFdOo_wncqvw.png?v=202405031738&hash=r&serviceCode=CL,"서울금천구가산디지털1로165(가산동,가산비지니스센터)6층"
161,IT.정보통신업>게임.애니메이션,에이케이인터렉티브,중소기업,293억4천만원(2023.12.31),http://www.akinteractive.co.kr,https//imgs.jobkorea.co.kr/img1/_whitebg/200X80/Co_Logo/Logo/2009/10/2n56w004Dy_4G_2f29y0awF9O2wy.jpg?v=202405031738&hash=r&serviceCode=CL,"서울서초구마방로6길8-11(양재동,산정빌딩)5층"
162,IT.정보통신업>게임.애니메이션,넷텐션,중소기업,명시되어있지않음,http://proudnet.com/,https//imgs.jobkorea.co.kr/img1/_whitebg/200X80/Co_Logo/Logo/2011/12/2v7kj00aRa_vKjcivjjc3a2ca0gjYvIa_vjgv2ja.jpg?v=202405031738&hash=r&serviceCode=CL,"서울강남구테헤란로104길26(대치동,수퍼트리타워)4층"
163,IT.정보통신업>게임.애니메이션,아이엠씨게임즈,중소기업,115억3천만원(2023.12.31),http://www.imc.co.kr,https//imgs.jobkorea.co.kr/img1/_whitebg/200X80/Co_Logo/Logo/2015/13/2z5xa009Dt_bGtifo2n3a20t0faFuOw_cz5pat.jpg?v=202405031738&hash=r&serviceCode=CL,서울강남구삼성동144-4ES타워6층
164,IT.정보통신업>게임.애니메이션,덱스인트게임즈,중소기업,"1,706만원(2017.12.31)",명시되어있지않음,명시되어있지않음,"서울강남구선릉로578,717호"
165,IT.정보통신업>게임.애니메이션,라온엔터테인먼트,중소기업,92억8천만원(2023.12.31),http://www.rhaon.com,https//imgs.jobkorea.co.kr/img1/_whitebg/200X80/Co_Logo/Logo/2011/6/2q9jo006Xn_kG3lz2g25n0coVpRc_2on.jpg?v=202405031738&hash=r&serviceCode=CL,대구남구대명동2139번지(재)대구디지털산업진흥원별관509호
166,IT.정보통신업>게임.애니메이션,에이스톰,중소기업,명시되어있지않음,명시되어있지않음,https//imgs.jobkorea.co.kr/img1/_whitebg/200X80/Co_Logo/Logo/2018/12/04/2w1oq007Pn_gWuq2k3j23n0dqMhSl_6cqn.jpg?v=202405031738&hash=r&serviceCode=CL,서울강남구대치동996-17미래에셋벤처타워B동5층
167,IT.정보통신업>게임.애니메이션,(주)네오리진,중소기업,206억4천만,명시되어있지않음,https//imgs.jobkorea.co.kr/img1/_whitebg/200X80/Co_Logo/Logo/2022/11/08/JK_CO_uQIrIDo22110811422437.gif?v=202405031738,서울강남구논현1동57-38원영빌딩
168,IT.정보통신업>게임.애니메이션,(주)드래곤플라이,중소기업,123억6천만원(2023.12.31),http://www.dragonflygame.com,https//imgs.jobkorea.co.kr/img1/_whitebg/200X80/Co_Logo/Logo/2016/9/2q5sj004Dk_oG_2r2kk0ajFgO2jk.jpg?v=202405031738&hash=r&serviceCode=CL,서울서초구서초중앙로22길80(서초동)5층
169,IT.정보통신업>게임.애니메이션,㈜퍼니플럭스,중소기업,171억,http://www.funnyflux.kr,명시되어있지않음,"서울마포구매봉산로75(상암동,디디엠씨(DDMC))13층퍼니플럭스"
170,IT.정보통신업>게임.애니메이션,넷마블에프앤씨㈜,대기업계열사·자회사,751억1천만원(2022.12.31),http://company.netmarble.com/studio/list/fnc,https//imgs.jobkorea.co.kr/img1/_whitebg/200X80/Co_Logo/Logo/2020/11/10/2o3wx008Rb_iXektdd3l2mb0exYiUl_qz2xb.PNG?v=202405031738&hash=r&serviceCode=CL,"서울구로구디지털로26길38(구로동,G-SQUARE)27F~30F"
171,IT.정보통신업>게임.애니메이션,코뮤즈,중소기업,명시되어있지않음,명시되어있지않음,명시되어있지않음,경기파주시적성면가월리1852-3
172,IT.정보통신업>게임.애니메이션,아이지에스(주),대기업계열사·자회사,300억,http://igsinc.co.kr,https//imgs.jobkorea.co.kr/img1/_whitebg/200X80/Co_Logo/Logo/2016/2/2v19r007Px_sW8s2r3928x0drMdS8_5prx.jpg?v=202405031738&hash=r&serviceCode=CL,"서울영등포구문래로28길25(문래동3가,영시티)8층"
173,IT.정보통신업>게임.애니메이션,달콤소프트,중소기업,140억원,http://www.dalcomsoft.com/,https//imgs.jobkorea.co.kr/img1/_whitebg/200X80/Co_Logo/Logo/2015/7/2672q00aRn_oKzd6l1kw3325n0gqYsIg_0p9i2qn.gif?v=202405031738&hash=r&serviceCode=CL,서울강남구선릉로93길35(역삼동)2층
174,IT.정보통신업>게임.애니메이션,새롬애니메이션,중소기업,명시되어있지않음,http://www.saeromani.com,https//imgs.jobkorea.co.kr/img1/_whitebg/200X80/Co_Logo/Logo/2007/9/2Z5JF009DW_QGTXDA2G3N2IW0fFFCOX_WNALFW.jpg?v=202405031738&hash=r&serviceCode=CL,서울금천구가산동426-5월드메르디앙벤처센터2차501-509호
175,IT.정보통신업>게임.애니메이션,㈜스포피드,중소기업,139억3천2백만원,http://www.spolive.com,https//imgs.jobkorea.co.kr/img1/_whitebg/200X80/Co_Logo/Logo/2022/5/18/JK_CO_TCqGC4s22051815215139.jpg?v=202405031738,"서울강남구학동로206(논현동,동화빌딩)2층"
176,IT.정보통신업>게임.애니메이션,비쥬얼다트,중소기업,28억3천만원(2022.12.31),http://www.visualdart.com,명시되어있지않음,"서울송파구법원로128(문정동,문정에스케이브이원지엘메트로시티)B616"
177,IT.정보통신업>게임.애니메이션,엔팝,중소기업,명시되어있지않음,http://www.sunwoo.com,https//imgs.jobkorea.co.kr/img1/_whitebg/200X80/Co_Logo/Logo/2021/3/22/2l3fd008Ri_wXccclx3f2fi0edYeUe_cd2di.png?v=202405031738&hash=r&serviceCode=CL,"서울구로구디지털로32길30(구로동,코오롱디지털타워빌란트)1405호,1406호,1407호"
178,IT.정보통신업>게임.애니메이션,애니작,중소기업,21억8천만,http://www.anyzac.com,https//imgs.jobkorea.co.kr/img1/_whitebg/200X80/Co_Logo/Logo/2013/6/2k9qp006Xc_qGiqj2b2rc0cpVuRp_2pc.jpg?v=202405031738&hash=r&serviceCode=CL,"서울중구퇴계로20나길10(남산동2가)신화빌딩4층,5층"
179,IT.정보통신업>게임.애니메이션,드림팩토리스튜디오,중소기업,68억7백만원(2022.12.31),http://www.dreamfactorystudio.co.kr/,https//imgs.jobkorea.co.kr/img1/_whitebg/200X80/Co_Logo/Logo/2021/12/09/JK_CO_nIN2AgB21120918474508.png?v=202405031738,"서울강남구삼성로524(삼성동,세화빌딩)2,3층"
180,IT.정보통신업>게임.애니메이션,액트파이브,중소기업,10억8천만원(2020.12.31),http://act5.co.kr,https//imgs.jobkorea.co.kr/img1/_whitebg/200X80/Co_Logo/Logo/2021/3/16/2x1gq007Pr_fWiq2k3r2dr0dqMhSd_msqr.jpg?v=202405031738&hash=r&serviceCode=CL,서울강남구언주로617(논현동)5층액트파이브
181,IT.정보통신업>게임.애니메이션,㈜세가퍼블리싱코리아,중소기업,83억1천만원(2020.03.31),http://www.sega-spk.co.kr,명시되어있지않음,서울서초구서초대로347(서초동)1101호
182,IT.정보통신업>게임.애니메이션,로드컴플릿,중소기업,연평균70억원,http://www.loadcomplete.com,https//imgs.jobkorea.co.kr/img1/_whitebg/200X80/Co_Logo/Logo/2021/12/21/JK_CO_B5HNt5Z21122110513770.png?v=202405031738,경기성남시분당구삼평동로드컴플릿
183,IT.정보통신업>게임.애니메이션,스튜디오미르,중소기업,명시되어있지않음,http://www.studiomir.co.kr,https//imgs.jobkorea.co.kr/img1/_whitebg/200X80/Co_Logo/Logo/2012/9/2w7ox00aRv_qKgxif9ak3a22v0gxYeIi_zvld2xv.jpg?v=202405031739&hash=r&serviceCode=CL,서울금천구가산동디지털로9길33IT미래타워17층
184,IT.정보통신업>게임.애니메이션,코코모,중소기업,명시되어있지않음,명시되어있지않음,명시되어있지않음,"서울강남구테헤란로20길18,2층12호"
185,IT.정보통신업>게임.애니메이션,퍼펙트월드코리아,중소기업,64억1천만원(2023.12.31),http://www.pwrd.co.kr,https//imgs.jobkorea.co.kr/img1/_whitebg/200X80/Co_Logo/Logo/2014/7/2v1oj007Ps_sWui2h3q2ds0djMeSq_mvjs.jpg?v=202405031739&hash=r&serviceCode=CL,서울강남구역삼동
186,IT.정보통신업>게임.애니메이션,넷마블엔투주식회사,대기업,395억6천만원(2022.12.31),http://company.netmarble.com,https//imgs.jobkorea.co.kr/img1/_whitebg/200X80/Co_Logo/Logo/2017/13/2h1lj007P8_eWki2e3q2380djMtSq_69j8.png?v=202405031739&hash=r&serviceCode=CL,"서울구로구디지털로26길38(구로동,G-SQUARE)넷마블엔투"
187,IT.정보통신업>게임.애니메이션,우니꼬코리아,중소기업,"6억5,499만원(2022.12.31)",http://www.unicokorea.net,https//imgs.jobkorea.co.kr/img1/_whitebg/200X80/Co_Logo/Logo/2016/6/2s18o007Pj_rW5b2r3w24j0doMdSg_3ioj.jpg?v=202405031739&hash=r&serviceCode=CL,서울강남구테헤란로43길30(역삼동)리치타워5층
188,IT.정보통신업>게임.애니메이션,㈜스코넥 엔터테인먼,중소기업,명시되어있지않음,http://www.skonec.com,https//imgs.jobkorea.co.kr/img1/_whitebg/200X80/Co_Logo/Logo/2005/2/2g9mx006Xy_cGinv2j2ry0cxVkRj_2xy.gif?v=202405031739&hash=r&serviceCode=CL,"서울강남구선릉로577(역삼동,조선내화빌딩)9층스코넥엔터테인먼트"
189,IT.정보통신업>게임.애니메이션,(주)아이덴티티게임즈,중소기업,143억6천만원(2022.12.31),http://www.eyedentitygames.com,https//imgs.jobkorea.co.kr/img1/_whitebg/200X80/Co_Logo/Logo/2011/6/2v7va00aRk_qKjjijkjc3a2uk0gaYaIa_vuvd2ak.jpg?v=202405031739&hash=r&serviceCode=CL,"서울중구서애로33(필동3가,티엔에스빌딩)2,3층"
190,IT.정보통신업>게임.애니메이션,에이치투인터렉티브,중소기업,221억8천만원(2023.12.31),http://www.h2int.com,https//imgs.jobkorea.co.kr/img1/_whitebg/200X80/Co_Logo/Logo/2021/4/22/2a5nv009D5_dGcmwi2v3l2o50fvFaOs_q0ujv5.jpg?v=202405031739&hash=r&serviceCode=CL,서울강서구등촌동678-5에이치투아이앤티빌딩
191,IT.정보통신업>게임.애니메이션,퍼니툴즈,중소기업,7억3천만,http://funnytools.com,https//imgs.jobkorea.co.kr/img1/_whitebg/200X80/Co_Logo/Logo/2018/4/2056k009Dz_dG5r9j2k3625z0fkFdOo_9e6jkz.png?v=202405031739&hash=r&serviceCode=CL,"서울강남구선릉로76길39(대치동,명신빌딩)3층"
192,IT.정보통신업>게임.애니메이션,이데아게임즈,중견기업,107억4백만원(2014.12.31),http://www.bluepepper.co.kr,명시되어있지않음,"서울구로구디지털로300,14층"
193,IT.정보통신업>게임.애니메이션,삼십팔도씨,중소기업,"8억4,805만원(2020.12.31)",명시되어있지않음,명시되어있지않음,"광주남구제중로60,309호"
194,IT.정보통신업>게임.애니메이션,네이버제트,대기업,521억1천만원(2022.12.31),http://www.naverz-corp.com,https//imgs.jobkorea.co.kr/img1/_whitebg/200X80/Co_Logo/Logo/2020/5/24/2q3vi008Rq_dXndjpc3i2qq0eiYgUj_aw2iq.jpg?v=202405031739&hash=r&serviceCode=CL,경기성남시분당구분당내곡로131(백현동)7층NAVERZ
195,IT.정보통신업>게임.애니메이션,갈라랩,중소기업,119억9천만원(2023.12.31),http://www.galalab.kr,https//imgs.jobkorea.co.kr/img1/_whitebg/200X80/Co_Logo/Logo/2024/2/02/JK_CO_YEiBeS124020218504511.jpg?v=202405031739,"경기성남시분당구분당내곡로117(백현동,그레이츠판교(GREITSPANGYO))5층"
196,IT.정보통신업>게임.애니메이션,㈜위메이드커넥트,중소기업,266억2천만,https://wemadeconnect.com/,https//imgs.jobkorea.co.kr/img1/_whitebg/200X80/Co_Logo/Logo/2021/12/15/JK_CO_EMCQryg21121517415091.gif?v=202405031739,"경기성남시분당구황새울로360번길42(서현동,AK플라자)16층(분당스퀘어)"
197,IT.정보통신업>게임.애니메이션,두리시스템테크놀로지,중소기업,30억,http://www.dooreesystem.com,https//imgs.jobkorea.co.kr/img1/_whitebg/200X80/Co_Logo/Logo/2016/5/2a5kj009Dx_qGcqog2a3x2xx0fjFxOc_fgfljx.gif?v=202405031739&hash=r&serviceCode=CL,경기성남시중원구상대원1동311-3우림라이온스밸리1차1117호
198,IT.정보통신업>게임.애니메이션,어썸피스,개인소기업,명시되어있지않음,http://awesomepiece.com,https//imgs.jobkorea.co.kr/img1/_whitebg/200X80/Co_Logo/Logo/2012/12/2q1dq007Pt_qWmq2v3o2ct0dqMsSu_neqt.jpg?v=202405031739&hash=r&serviceCode=CL,서울관악구봉천동1686-21호전빌딩3층
199,IT.정보통신업>게임.애니메이션,창유닷컴코리아,중소기업,92억9천만원(2022.12.31),http://changyou.co.kr,https//imgs.jobkorea.co.kr/img1/_whitebg/200X80/Co_Logo/Logo/2014/8/2b3ts008Rl_bXqudxz3w2cl0esYwUv_oo2sl.JPG?v=202405031739&hash=r&serviceCode=CL,서울강남구테헤란로314금성빌딩
200,IT.정보통신업>게임.애니메이션,로이비쥬얼,중소기업,100억,http://www.roivisual.com,https//imgs.jobkorea.co.kr/img1/_whitebg/200X80/Co_Logo/Logo/2015/7/2x5nq009Dx_pGflwi2i3e2sx0fqFaOa_zgguqx.jpg?v=202405031739&hash=r&serviceCode=CL,서울강남구학동로30길5(논현동)양진프라자2-7층
201,IT.정보통신업>게임.애니메이션,스위트몬스터,중소기업,50억,http://www.sweetmonster.co.kr,https//imgs.jobkorea.co.kr/img1/_whitebg/200X80/Co_Logo/Logo/2022/3/30/JK_CO_sZsHBJ222033014264192.png?v=202405031739,"서울강남구테헤란로39길50(역삼동)2층,스위트몬스터(주)"
202,IT.정보통신업>게임.애니메이션,에이디엠아이,중소기업,10억4천만원(2022.12.31),http://www.admi.co.kr,https//imgs.jobkorea.co.kr/img1/_whitebg/200X80/Co_Logo/Logo/2014/12/2935q008Rz_rX3w1ta3423z0eqYoU8_9j2qz.jpg?v=202405031739&hash=r&serviceCode=CL,대전유성구수통골로55번길95-4(덕명동)301호
203,IT.정보통신업>게임.애니메이션,토즈스튜디오,중소기업,"2억5,922만원(2018.12.31)",http://www.tozani.kr,https//imgs.jobkorea.co.kr/img1/_whitebg/200X80/Co_Logo/Logo/2017/13/2315h007Pg_6W9k2n3922g0dhMbS8_2whg.jpg?v=202405031739&hash=r&serviceCode=CL,서울구로구구로3동222-3JNK디지털타워405호
204,IT.정보통신업>게임.애니메이션,이사칠마이튜터,중소기업,명시되어있지않음,http://247mytech.com,https//imgs.jobkorea.co.kr/img1/_whitebg/200X80/Co_Logo/Logo/2019/2/2f7k000aR1_zKv6v4luv3v2o10g0Y8Ik_e5gw201.png?v=202405031739&hash=r&serviceCode=CL,"서울강남구도곡로112(도곡동,서한빌딩)서한빌딩2층"
205,IT.정보통신업>게임.애니메이션,스노우파이프,중소기업,10억,http://www.snowpipe.co.kr/v2/kr/,https//imgs.jobkorea.co.kr/img1/_whitebg/200X80/Co_Logo/Logo/2014/10/2l3lc008Ri_tXrfdxm3a2ci0ecYwUe_ed2ci.jpg?v=202405031739&hash=r&serviceCode=CL,"서울강남구영동대로106길11(삼성동,창성빌딩)3층,4층"
206,IT.정보통신업>게임.애니메이션,팩토리얼게임즈,중소기업,43억5천만,http://factorialgames.com/,https//imgs.jobkorea.co.kr/img1/_whitebg/200X80/Co_Logo/Logo/2019/5/2h1wf00cPq_hWlxqsxwarq4p2fq0ifMrSg_dqekgj2fq.png?v=202405031739&hash=r&serviceCode=CL,경기광명시일직로43(일직동)GIDCC동601호~613호
207,IT.정보통신업>게임.애니메이션,아이스크림스튜디오,중소기업,명시되어있지않음,http://www.eyescream.tv,https//imgs.jobkorea.co.kr/img1/_whitebg/200X80/Co_Logo/Logo/2020/3/2j7wa00aRk_xKljnj9io3p22k0gaYaIo_auzx2ak.png?v=202405031739&hash=r&serviceCode=CL,광주광역시동구금남로245(금남로1가)전일빌딩703호
208,IT.정보통신업>게임.애니메이션,제페토,중소기업,81억5천만,http://www.zepetto.com,https//imgs.jobkorea.co.kr/img1/_whitebg/200X80/Co_Logo/Logo/2017/7/2d1kb007Pm_mWhn2e3k2wm0dbMtSh_gdbm.png?v=202405031739&hash=r&serviceCode=CL,"서울마포구마포대로45(도화동,일진빌딩)6층"
209,IT.정보통신업>게임.애니메이션,오즈인터미디어,중소기업,10억4천만원(2021.12.31),http://www.oz.co.kr,https//imgs.jobkorea.co.kr/img1/_whitebg/200X80/Co_Logo/Logo/2014/5/2d1rg00cPb_jWmwurpkqjo4z2qb0igMdSh_lnmidd2gb.JPG?v=202405031739&hash=r&serviceCode=CL,서울구로구구로3동우림이비즈센터빌딩2차1104호
210,IT.정보통신업>게임.애니메이션,에프앤아이,중소기업,10억1천만원(2021.12.31),http://www.fnikorea.com,https//imgs.jobkorea.co.kr/img1/_whitebg/200X80/Co_Logo/Logo/2019/6/2d9gg006Xc_rGmfj2x2ac0cgVaRk_2gc.jpg?v=202405031739&hash=r&serviceCode=CL,"경기성남시분당구판교로253(삼평동,판교이노밸리)B동903호"
211,IT.정보통신업>게임.애니메이션,엔트리소프트,중소기업,540만원(2019.12.31),명시되어있지않음,https//imgs.jobkorea.co.kr/img1/_whitebg/200X80/Co_Logo/Logo/2016/8/2x5rd009Ds_cGfjkl2a3g2vs0fdFqOc_xvsads.jpg?v=202405031739&hash=r&serviceCode=CL,"서울강남구테헤란로322(역삼동,한신인터밸리24빌딩)21층"
212,IT.정보통신업>게임.애니메이션,아인픽춰스,중소기업,11억9천만원(2020.12.31),http://www.einpictures.co.kr,https//imgs.jobkorea.co.kr/img1/_whitebg/200X80/Co_Logo/Logo/2016/9/2v7oa00aRi_tKojecaai3f2ji0gaYjIi_valb2ai.jpg?v=202405031739&hash=r&serviceCode=CL,"인천연수구송도미래로30(송도동,송도BRC스마트밸리지식산업센터)E동902호"
213,IT.정보통신업>게임.애니메이션,중앙애니메이션,중소기업,12억9천만원(2022.12.31),명시되어있지않음,명시되어있지않음,광주남구송하동CGI센터2층201호
214,IT.정보통신업>게임.애니메이션,캡콤엔터테인먼트코리아,중소기업,94억4천만원(2015.03.31),명시되어있지않음,명시되어있지않음,"서울강남구테헤란로416,15층"
215,IT.정보통신업>게임.애니메이션,스튜디오애니멀,중소기업,명시되어있지않음,http://www.studioanimal.co.kr,https//imgs.jobkorea.co.kr/img1/_whitebg/200X80/Co_Logo/Logo/2017/2/2273n00aRj_zKsp9a9pl3222j0gnYiIn_9c6w2nj.jpg?v=202405031739&hash=r&serviceCode=CL,경기부천시부일로487(심곡동)2층
216,IT.정보통신업>게임.애니메이션,스마투스,중소기업,명시되어있지않음,https://denations.com/,https//imgs.jobkorea.co.kr/img1/_whitebg/200X80/Co_Logo/Logo/2021/1/06/2k1wn007Pu_hWgc2q3w2cu0dnMqSg_nonu.png?v=202405031740&hash=r&serviceCode=CL,"서울중구세종대로136(태평로1가,파이낸스빌딩)3019호"
217,IT.정보통신업>게임.애니메이션,일렉트릭서커스,중소기업,10억9백만원(2018.12.31),http://www.electriccircus.kr,명시되어있지않음,"서울영등포구양평로24,6층615호"
218,IT.정보통신업>게임.애니메이션,위크로스,중소기업,10억7천만원(2016.12.31),명시되어있지않음,명시되어있지않음,"대구중구국채보상로586,16층1680호"
219,IT.정보통신업>게임.애니메이션,해피업,중소기업,명시되어있지않음,http://www.happyupstudio.com,https//imgs.jobkorea.co.kr/img1/_whitebg/200X80/Co_Logo/Logo/2020/7/27/2d9oi006Xn_fGbrz2o2tn0ciVaRf_2in.png?v=202405031740&hash=r&serviceCode=CL,"서울구로구디지털로288(구로동,대륭포스트타워1차)20층2001호(주)해피업"
220,IT.정보통신업>게임.애니메이션,게임피아,중소기업,659억5천만원(2023.12.31),http://www.egamepia.co.kr,https//imgs.jobkorea.co.kr/img1/_whitebg/200X80/Co_Logo/Logo/2012/5/2018n007Pz_1W5c2m3321z0dnMvS6_7anz.gif?v=202405031740&hash=r&serviceCode=CL,"경기안양시만안구일직로94번길35(석수동,게임피아주식회사)게임피아"
221,IT.정보통신업>게임.애니메이션,소프트닉스,중소기업,87억3천만원(2019.12.31),http://corp.softnyx.co.kr,https//imgs.jobkorea.co.kr/img1/_whitebg/200X80/Co_Logo/Logo/2018/12/2895x00bXk_vGun6f3j2c3526k0hxVgRc_eg3h2kxk.gif?v=202405031740&hash=r&serviceCode=CL,서울강남구선릉로93길40(역삼동)나라키움역삼A빌딩
222,IT.정보통신업>게임.애니메이션,제이투와이소프트,중소기업,34억6천만원(2023.12.31),명시되어있지않음,명시되어있지않음,"서울구로구디지털로272(구로동,한신아이티타워)702"
223,IT.정보통신업>게임.애니메이션,하이브로,중소기업,139억9천만원(2023.12.31),명시되어있지않음,명시되어있지않음,"서울강남구영동대로432,4층(대치동,준앤빌딩)"
224,IT.정보통신업>게임.애니메이션,하운드13,중소기업,명시되어있지않음,https://www.hound13.com,https//imgs.jobkorea.co.kr/img1/_whitebg/200X80/Co_Logo/Logo/2016/9/2i13z007Pg_jW6a2b3z24g0dzMoSp_3wzg.jpg?v=202405031740&hash=r&serviceCode=CL,서울서초구서초중앙로24길10(서초동)10층(316타워)
225,IT.정보통신업>게임.애니메이션,씨씨알,중소기업,42억5천만원(2022.12.31),http://www.ccr.co.kr,https//imgs.jobkorea.co.kr/img1/_whitebg/200X80/Co_Logo/Logo/2006/10/2i7io005Ro_oK2i2o2ko0boYlIg_oo.gif?v=202405031740&hash=r&serviceCode=CL,서울강남구삼성동143-9창조빌딩4층
226,IT.정보통신업>게임.애니메이션,(주)투바앤,벤처기업,256억6천만,http://tubaani.com,https//imgs.jobkorea.co.kr/img1/_whitebg/200X80/Co_Logo/Logo/2022/11/18/JK_CO_patryx22111810440308.png?v=202405031740,"서울종로구경희궁1길1(신문로2가,주식회사투바앤)투바앤건물"
227,IT.정보통신업>게임.애니메이션,피그,중견기업,19억4천만원(2022.12.31),http://www.pig.games,https//imgs.jobkorea.co.kr/img1/_whitebg/200X80/Co_Logo/Logo/2019/3/2x3le008Rr_sXjl3bu3q24r0eeYvUw_ea2er.png?v=202405031740&hash=r&serviceCode=CL,"서울서초구강남대로479(반포동,신논현타워)2층"
228,IT.정보통신업>게임.애니메이션,111퍼센트,중소기업,321억6천만원(2023.12.31),http://www.111percent.com,https//imgs.jobkorea.co.kr/img1/_whitebg/200X80/Co_Logo/Logo/2020/8/26/2i7c900aR9_tKl2a2vjo3j2v90g9Y9Ia_o2jb299.png?v=202405031740&hash=r&serviceCode=CL,"서울강남구테헤란로152(역삼동,강남파이낸스센터)33층"
229,IT.정보통신업>게임.애니메이션,블루아크글로벌,중소기업,49억5천만원(2014.12.31),http://www.blueark.com,https//imgs.jobkorea.co.kr/img1/_whitebg/200X80/Co_Logo/Logo/2016/10/2695m00bXl_jGoa2o3q2v3620l0hmVfRp_ye2m7lml.JPG?v=202405031740&hash=r&serviceCode=CL,"서울강남구테헤란로501(삼성동,브이플렉스)5층501호"
230,IT.정보통신업>게임.애니메이션,레드덕,중소기업,82억6천만원(2017.12.31),http://www.redduck.com,명시되어있지않음,서울강남구봉은사로619
231,IT.정보통신업>게임.애니메이션,에이치앤씨게임즈,중소기업,100억원,명시되어있지않음,https//imgs.jobkorea.co.kr/img1/_whitebg/200X80/Co_Logo/Logo/2016/4/2j72m00aRj_pKznxi9pw3x22j0gmYoIn_ac9t2mj.jpg?v=202405031740&hash=r&serviceCode=CL,"서울강남구삼성로507(삼성동,JS타워)8층,에이치앤씨게임즈"
232,IT.정보통신업>게임.애니메이션,(주)에이스프로젝트,중소기업,44억,http://www.aceproject.co.kr,https//imgs.jobkorea.co.kr/img1/_whitebg/200X80/Co_Logo/Logo/2021/1/18/2r7in00aRo_tKgpajvok3j2vo0gnYaIl_diob2no.png?v=202405031740&hash=r&serviceCode=CL,"서울중구을지로264(을지로6가,롯데FiTin)11층"
233,IT.정보통신업>게임.애니메이션,사이드9,중소기업,20억6천만,http://www.side9.net,https//imgs.jobkorea.co.kr/img1/_whitebg/200X80/Co_Logo/Logo/2013/4/2p95x006Xa_jG8nd2m24a0cxVdR3_2xa.jpg?v=202405031740&hash=r&serviceCode=CL,서울금천구가산동에이스하이엔드타워7차701호
234,IT.정보통신업>게임.애니메이션,인디고엔터테인먼트,중소기업,18억7천만원(2023.12.31),http://www.indigoent.com,https//imgs.jobkorea.co.kr/img1/_whitebg/200X80/Co_Logo/Logo/2016/4/2076i00aRj_iKga4d7tk3721j0giYqIp_3c0a2ij.jpg?v=202405031740&hash=r&serviceCode=CL,경기용인시기흥구영덕동흥덕IT밸리타워동317호
235,IT.정보통신업>게임.애니메이션,스마트빅,중소기업,97억,명시되어있지않음,https//imgs.jobkorea.co.kr/img1/_whitebg/200X80/Co_Logo/Logo/2016/12/2s1jn00cPu_lWacsqgktrv4w2eu0inMqSh_dorjlf2nu.PNG?v=202405031740&hash=r&serviceCode=CL,"부산해운대구센텀서로30(우동,케이엔엔타워)26층"
236,IT.정보통신업>게임.애니메이션,디지탈이메이션,중소기업,120억,http://www.emation.co.kr,https//imgs.jobkorea.co.kr/img1/_whitebg/200X80/Co_Logo/Logo/2012/2/2c3av008Rq_oXzbqpt3j2wq0evYgUd_rw2vq.gif?v=202405031740&hash=r&serviceCode=CL,서울구로구구로동811코오롱싸이언스밸리2차1301호
237,IT.정보통신업>게임.애니메이션,메이븐이미지플랫폼,중소기업,32억8천만원(2022.12.31),http://mavenimage.com/,https//imgs.jobkorea.co.kr/img1/_whitebg/200X80/Co_Logo/Logo/2022/2/18/JK_CO_8pDtiy022021818135009.png?v=202405031740,"서울구로구디지털로26길5(구로동,에이스하이엔드타워1차)1311호"
238,IT.정보통신업>게임.애니메이션,㈜모어앤컴퍼니,중소기업,146억2천만원(2023.12.31),명시되어있지않음,명시되어있지않음,"서울성동구자동차시장1길70(용답동,장안평중고자동차시장)B동3층311호"
239,IT.정보통신업>게임.애니메이션,사이펀,중소기업,32억9천만원(2019.12.31),명시되어있지않음,명시되어있지않음,"서울영등포구양평로22길21,1402호"
240,IT.정보통신업>게임.애니메이션,블루사이드,중소기업,명시되어있지않음,http://www.blueside.co.kr,명시되어있지않음,경기성남시분당구삼평동621번지판교이노밸리A동4층
241,IT.정보통신업>게임.애니메이션,스튜디오라온,중소기업,명시되어있지않음,http://www.facebook.com/studioraon.inc/,https//imgs.jobkorea.co.kr/img1/_whitebg/200X80/Co_Logo/Logo/2016/11/2f7le00aRe_sKqfsliad3l2ae0geYsIi_efsl2ee.png?v=202405031740&hash=r&serviceCode=CL,"서울구로구디지털로33길28(구로동,우림이비지센터1차)309호"
242,IT.정보통신업>게임.애니메이션,디스이즈게임닷컴,개인소기업,20억,http://www.thisisgame.com,https//imgs.jobkorea.co.kr/img1/_whitebg/200X80/Co_Logo/Logo/2015/11/2a7km00aRn_tKxnzbjux3w2cn0gmYtIk_ipgb2mn.JPG?v=202405031740&hash=r&serviceCode=CL,"서울강남구테헤란로78길12(대치동,MSA빌딩)12층"
243,IT.정보통신업>게임.애니메이션,㈜심지,중소기업,명시되어있지않음,http://simglab.com/,https//imgs.jobkorea.co.kr/img1/_whitebg/200X80/Co_Logo/Logo/2018/10/2534c008Rr_vX8f2tb3922r0ecYoU9_3a2cr.jpg?v=202405031740&hash=r&serviceCode=CL,울산울주군청량읍율리영해1길54(율리)주식회사심지
244,IT.정보통신업>게임.애니메이션,레트로봇,중소기업,10억원이상,https://www.potendogs.com,https//imgs.jobkorea.co.kr/img1/_whitebg/200X80/Co_Logo/Logo/2016/5/2k73l00aRa_lKhovv0km3v26a0glYvIg_gj6o2la.jpg?v=202405031740&hash=r&serviceCode=CL,"서울구로구디지털로33길55(구로동,이앤씨벤처드림타워2차)1005호"
245,IT.정보통신업>게임.애니메이션,바나나몬,중소기업,"8억4,005만원(2018.12.31)",http://www.bananamon.com,명시되어있지않음,"대구중구국채보상로582,12층"
246,IT.정보통신업>게임.애니메이션,엔플루토,대기업,명시되어있지않음,http://www.npluto.com,명시되어있지않음,"경기성남시분당구판교로723,B동901호"
247,IT.정보통신업>게임.애니메이션,위놉스,중소기업,10억1천만,명시되어있지않음,https//imgs.jobkorea.co.kr/img1/_whitebg/200X80/Co_Logo/Logo/2019/3/2j9az006Xj_kGxwm2g2nj0czVcRm_2zj.png?v=202405031740&hash=r&serviceCode=CL,제주제주시영평동2231-2201호
248,IT.정보통신업>게임.애니메이션,우리라인,중소기업,명시되어있지않음,http://www.wooriline.com,https//imgs.jobkorea.co.kr/img1/_whitebg/200X80/Co_Logo/Logo/2013/2/2k1jn007Pf_hWlc2b3b2df0dnMoSo_mxnf.jpg?v=202405031740&hash=r&serviceCode=CL,"경기고양시일산동구호수로358-39(백석동,동문타워I)607호"
249,IT.정보통신업>게임.애니메이션,메이플라워엔터테인먼트,중소기업,"5억4,526만원(2022.12.31)",http://www.mayflowerent.com,https//imgs.jobkorea.co.kr/img1/_whitebg/200X80/Co_Logo/Logo/2015/8/2k9Jw006Xp_JGVuq2M2Hp0cwVuRC_2wp.jpg?v=202405031741&hash=r&serviceCode=CL,"서울금천구가산디지털1로212(가산동,코오롱디지털타워애스턴)304-2호"
250,IT.정보통신업>게임.애니메이션,세계사이버기원,중소기업,26억7천만원(2019.12.31),http://www.cyberoro.com,https//imgs.jobkorea.co.kr/img1/_whitebg/200X80/Co_Logo/Logo/2011/10/2q3qs008Rl_dXwuwec3x2xl0esYfUj_jo2sl.gif?v=202405031741&hash=r&serviceCode=CL,"서울중구삼일대로4길9(충무로2가,라이온스빌딩)13층세계사이버기원"
251,IT.정보통신업>게임.애니메이션,아크스튜디오,중소기업,5억8천,http://www.arcstudios.com,https//imgs.jobkorea.co.kr/img1/_whitebg/200X80/Co_Logo/Logo/2016/4/2e5iw009Dq_fGznao2v3q2gq0fwFuOs_jlxxwq.jpg?v=202405031741&hash=r&serviceCode=CL,"서울금천구가산디지털1로168(가산동,우림라이온스밸리)C-411(가산동,우림라이온스밸리)"
252,IT.정보통신업>게임.애니메이션,엔큐게임즈,중소기업,10억1천만원(2016.12.31),명시되어있지않음,명시되어있지않음,"서울마포구매봉산로37,7층"
253,IT.정보통신업>게임.애니메이션,반다이남코엔터테인먼트코리아,중소기업,명시되어있지않음,https://www.bandainamcoent.asia/ko-kr,https//imgs.jobkorea.co.kr/img1/_whitebg/200X80/Co_Logo/Logo/2023/2/06/JK_CO_FXYacjP23020611291763.gif?v=202405031741,서울시중구서소문로89
254,IT.정보통신업>게임.애니메이션,아코즈테크놀러지스,중소기업,명시되어있지않음,http://www.akoztech.com,https//imgs.jobkorea.co.kr/img1/_whitebg/200X80/Co_Logo/Logo/2015/5/2s3uq008Rm_nXdwaxi3c2vm0eqYwUk_sy2qm.jpg?v=202405031741&hash=r&serviceCode=CL,서울금천구가산동월드메르디앙벤처1차1304호
255,IT.정보통신업>게임.애니메이션,스카이피플,중소기업,30억7천만원(2019.12.31),http://www.skypeople.co.kr,https//imgs.jobkorea.co.kr/img1/_whitebg/200X80/Co_Logo/Logo/2021/12/02/2e95x00bXy_bGknlk3m2t3m22y0hxVuRj_bvjt5gxy.png?v=202405031741&hash=r&serviceCode=CL,"경기성남시분당구판교로253(삼평동,판교이노밸리)A동5층"
256,IT.정보통신업>게임.애니메이션,와이즈캣,중견기업,명시되어있지않음,http://www.wisecat.co.kr,명시되어있지않음,"서울강남구테헤란로79길6,5층브이731"
257,IT.정보통신업>게임.애니메이션,(주)네오위즈홀딩스,대기업,150만원,http://www.neowiz.com,https//imgs.jobkorea.co.kr/img1/_whitebg/200X80/Co_Logo/Logo/2011/9/2n5iy009Dm_dGwfag2q3a2fm0fyFxOj_cwyjym.gif?v=202405031741&hash=r&serviceCode=CL,경기성남시분당구삼평동629네오위즈판교타워
258,IT.정보통신업>게임.애니메이션,일리언,중소기업,명시되어있지않음,명시되어있지않음,명시되어있지않음,"경기성남시분당구황새울로360번길21,R동1061호"
259,IT.정보통신업>게임.애니메이션,해머엔터테인먼트,중소기업,"1,386만원(2019.12.31)",http://www.hammerent.co.kr,https//imgs.jobkorea.co.kr/img1/_whitebg/200X80/Co_Logo/Logo/2019/6/2g9mn00bXp_wGozkujm2v3l2qp0hnVwRj_yqouplnp.png?v=202405031741&hash=r&serviceCode=CL,서울강남구테헤란로69길5(삼성동)유기타워7층
260,IT.정보통신업>게임.애니메이션,블루클라우드,중소기업,"2억3,129만원(2019.12.31)",http://www.bluecloud.co.kr,명시되어있지않음,"서울구로구디지털로285(구로동,에이스트윈타워1차)401호"
261,IT.정보통신업>게임.애니메이션,제이씨플래닛,중소기업,8억7천만원,http://www.jcplanet.com,https//imgs.jobkorea.co.kr/img1/_whitebg/200X80/Co_Logo/Logo/2013/8/2w3cp008Rs_hXirklg3d2ss0epYeUq_du2ps.jpg?v=202405031741&hash=r&serviceCode=CL,경기성남시수정구복정로133(복정동)3층
262,IT.정보통신업>게임.애니메이션,비주얼샤워,중소기업,44억원,http://www.visualshower.com,https//imgs.jobkorea.co.kr/img1/_whitebg/200X80/Co_Logo/Logo/2016/11/2w1di007Pn_gWmg2a3t2jn0diMzSw_lcin.png?v=202405031741&hash=r&serviceCode=CL,"서울강남구테헤란로427(삼성동,위워크타워)7층"
263,IT.정보통신업>게임.애니메이션,호남통신,중소기업,37억7백만원(2023.12.31),명시되어있지않음,명시되어있지않음,전남목포시백년대로231번길21
264,IT.정보통신업>게임.애니메이션,픽스트랜드,중소기업,"3억2,816만원(2020.12.31)",http://www.pixtrend.com,https//imgs.jobkorea.co.kr/img1/_whitebg/200X80/Co_Logo/Logo/2007/2/2q3de008Rr_kXdlzhs3c2jr0eeYyUj_ia2er.gif?v=202405031741&hash=r&serviceCode=CL,"서울금천구디지털로9길46(가산동,이앤씨드림타워7차)1108-2호"
265,IT.정보통신업>게임.애니메이션,류니,중소기업,명시되어있지않음,http://www.ryuni.com,명시되어있지않음,"경기성남시분당구탄천상로164(구미동,시그마2오피스텔)F동1층30호"
266,IT.정보통신업>게임.애니메이션,올엠,중소기업,00억,http://www.allm.co.kr,https//imgs.jobkorea.co.kr/img1/_whitebg/200X80/Co_Logo/Logo/2006/3/2e3fq008Rh_oXwwcgt3x2fh0eqYhUf_cg2qh.gif?v=202405031741&hash=r&serviceCode=CL,"서울구로구디지털로288(구로동,대륭포스트타워1차)1504호,1502호"
267,IT.정보통신업>게임.애니메이션,에이디애니메이션,중소기업,17억4천만원(2017.12.31),명시되어있지않음,명시되어있지않음,"서울구로구디지털로30길31,1006호"
268,IT.정보통신업>게임.애니메이션,키드앱티브아시아,중소기업,19억2천만원(2017.12.31),http://hodooenglish.com,명시되어있지않음,"서울강남구선릉로727,5층"
269,IT.정보통신업>게임.애니메이션,게임어스,중소기업,"3억2,166만원(2017.12.31)",http://www.gameus.co.kr,명시되어있지않음,"서울종로구창경궁로27길27-1,201호"
270,IT.정보통신업>게임.애니메이션,경문엔터테인먼트,중소기업,152억,http://www.gammac.co.kr,https//imgs.jobkorea.co.kr/img1/_whitebg/200X80/Co_Logo/Logo/2009/10/2Q3XM008RO_WXEYJUX3L2QO0eMYSUJ_WT2MO.jpg?v=202405031741&hash=r&serviceCode=CL,경기부천시삼작로164번길38(내동)2층
271,IT.정보통신업>게임.애니메이션,크리에이티브밤,중소기업,2억원,http://www.creativebomb.net,https//imgs.jobkorea.co.kr/img1/_whitebg/200X80/Co_Logo/Logo/2014/11/2f1or00cPl_qWdsmdgkagd4w2fl0irMmSh_ijaqur2rl.jpg?v=202405031741&hash=r&serviceCode=CL,경기수원시영통구광교로156(이의동)11층경기콘텐츠진흥원XR센터
272,IT.정보통신업>게임.애니메이션,게임파라디소,중소기업,14억4천만원(2020.12.31),http://gameparadiso.com,https//imgs.jobkorea.co.kr/img1/_whitebg/200X80/Co_Logo/Logo/2018/7/16/2z1cs00cPq_mWqvqodegjq4r2wq0isMuSt_lqpdnq2sq.jpg?v=202405031741&hash=r&serviceCode=CL,서울마포구상수동353-7JW빌딩5층
273,IT.정보통신업>게임.애니메이션,코쿤게임즈,중소기업,"7억1,855만원(2016.12.31)",https://www.cocoongames.com/,https//imgs.jobkorea.co.kr/img1/_whitebg/200X80/Co_Logo/Logo/2019/5/2q9mi00bXk_kGcrprjg2s3u2nk0hiViRk_tgwgxjik.jpg?v=202405031741&hash=r&serviceCode=CL,서울강남구테헤란로81길13(삼성동)동원빌딩14층코쿤게임즈
274,IT.정보통신업>게임.애니메이션,딜루젼스튜디오,중소기업,명시되어있지않음,명시되어있지않음,명시되어있지않음,"경기성남시분당구분당내곡로117,12층"
275,IT.정보통신업>게임.애니메이션,준인터,중소기업,명시되어있지않음,http://portal.juneinter.com,https//imgs.jobkorea.co.kr/img1/_whitebg/200X80/Co_Logo/Logo/2016/12/2o3xt008Rr_zXnmidj3i2dr0etYiUl_wa2tr.jpg?v=202405031741&hash=r&serviceCode=CL,서울강남구삼성동143-24삼성타워3층
276,IT.정보통신업>게임.애니메이션,제이큐브애니메이션스튜디오,중소기업,미정,http://www.jcubeani.com,https//imgs.jobkorea.co.kr/img1/_whitebg/200X80/Co_Logo/Logo/2010/5/2a5nu009Dx_cGcowl2l3v2xx0fuFqOq_sgfaux.jpg?v=202405031741&hash=r&serviceCode=CL,"서울구로구디지털로32길30(구로동,코오롱디지털타워빌란트)1209"
277,IT.정보통신업>게임.애니메이션,엔티유,중소기업,5억,명시되어있지않음,명시되어있지않음,"서울관악구관악로1(신림동,서울대학교)35동214-1"
278,IT.정보통신업>게임.애니메이션,티엔지소프트,중소기업,3억1800만원,http://www.tngsoft.com,https//imgs.jobkorea.co.kr/img1/_whitebg/200X80/Co_Logo/Logo/2015/13/2j9av006Xa_tGkhd2s2ga0cvVcRm_2va.jpg?v=202405031741&hash=r&serviceCode=CL,서울마포구상암동누리꿈스퀘어연구개발타워1105-8
279,IT.정보통신업>게임.애니메이션,블록체인엔터테인먼트랩,중견기업,100억,http://www.rushmo.com/,https//imgs.jobkorea.co.kr/img1/_whitebg/200X80/Co_Logo/Logo/2015/9/2v7it00aRn_gKnbacmop3j2nn0gtYjIl_vpok2tn.jpg?v=202405031741&hash=r&serviceCode=CL,서울마포구상암동1622중소기업DMC타워18층(주)러시모
280,IT.정보통신업>게임.애니메이션,구로발게임즈,대기업,"1억3,229만원(2023.12.31)",http://www.cjinternet.com/studio/list/gurobal,https//imgs.jobkorea.co.kr/img1/_whitebg/200X80/Co_Logo/Logo/2020/9/22/2432s008R-_2X5u8923029-0esY8U3_2-2s-.jpg?v=202405031741&hash=r&serviceCode=CL,"서울구로구디지털로300(구로동,지밸리비즈플라자"
281,IT.정보통신업>게임.애니메이션,트리니티게임즈,개인소기업,명시되어있지않음,http://www.trinitygames.co.kr,https//imgs.jobkorea.co.kr/img1/_whitebg/200X80/Co_Logo/Logo/2014/2/2a3ok008Rj_iXksvad3s2bj0ekYrUr_lq2kj.jpg?v=202405031742&hash=r&serviceCode=CL,서울서초구서초동1605-1영호빌딩3층
282,IT.정보통신업>게임.애니메이션,재미인터랙티브,중소기업,14억3천만원(2014.12.31),http://www.zemiinc.co.kr,https//imgs.jobkorea.co.kr/img1/_whitebg/200X80/Co_Logo/Logo/2006/6/2r1iB007Pm_dWjN2o3R2sm0dBMuSD_rdBm.jpg?v=202405031742&hash=r&serviceCode=CL,"서울서초구서초대로74길45(서초동,ENDEAVORTOWER)7층"
283,IT.정보통신업>게임.애니메이션,(주)행복한바오밥,중소기업,72억,http://www.happybaobab.com,https//imgs.jobkorea.co.kr/img1/_whitebg/200X80/Co_Logo/Logo/2017/11/29/2158v009Dw_lG2m8t2k3726w0fvFlOo_0n9tvw.jpg?v=202405031742&hash=r&serviceCode=CL,서울마포구임정로57(신공덕동)아울하우스3층
284,IT.정보통신업>게임.애니메이션,펄스네트워크,중소기업,"5억9,592만원(2020.12.31)",http://gops.co.kr,https//imgs.jobkorea.co.kr/img1/_whitebg/200X80/Co_Logo/Logo/2007/11/2999b006Xx_2G0tn2627x0cbV1R1_2bx.jpg?v=202405031742&hash=r&serviceCode=CL,경북경산시하양읍대조리27사무실
285,IT.정보통신업>게임.애니메이션,엔제이인터렉티브,중소기업,"1억5,547만원(2019.12.31)",http://www.nji.co.kr,명시되어있지않음,"서울금천구가산디지털1로137,601호"
286,IT.정보통신업>게임.애니메이션,플레이어스,중소기업,"4억5,531만원(2017.12.31)",명시되어있지않음,명시되어있지않음,"서울서초구사임당로32,12층"
287,IT.정보통신업>게임.애니메이션,스콜,중소기업,명시되어있지않음,명시되어있지않음,명시되어있지않음,"서울서초구서초대로38길12,6층"
288,IT.정보통신업>게임.애니메이션,루마루,중소기업,명시되어있지않음,명시되어있지않음,명시되어있지않음,"서울송파구백제고분로470,2층"
289,IT.정보통신업>게임.애니메이션,디에스피엔유,중소기업,10억2천만원(2016.12.31),명시되어있지않음,https//imgs.jobkorea.co.kr/img1/_whitebg/200X80/Co_Logo/Logo/2013/11/2x7cq005Rx_jK2d2b2fx0bqYtIe_qx.jpg?v=202405031742&hash=r&serviceCode=CL,서울강남구도산대로15길9(신사동)향남빌딩
290,IT.정보통신업>게임.애니메이션,로켓츠게임즈,중소기업,"4억2,338만원(2018.12.31)",http://rocats-games.com,https//imgs.jobkorea.co.kr/img1/_whitebg/200X80/Co_Logo/Logo/2018/8/2q9mo00bXk_pGxlprjh2s3u2nk0hoViRv_tgwqxnok.png?v=202405031742&hash=r&serviceCode=CL,경기안양시동안구시민대로327번길11-41(관양동)디지털콘텐츠성장지원센터603호
291,IT.정보통신업>게임.애니메이션,엔젤게임즈,벤처기업,명시되어있지않음,명시되어있지않음,https//imgs.jobkorea.co.kr/img1/_whitebg/200X80/Co_Logo/Logo/2021/4/2n5ad009Db_gGwjca2p3z2xb0fdFcOb_tpfsdb.gif?v=202405031742&hash=r&serviceCode=CL,대구북구호암로51(침산동)삼성크리에이티브캠퍼스메이커스페이스201호
292,IT.정보통신업>게임.애니메이션,지피엠,중소기업,33억원4십만원(2018.12.31),http://www.gpm.net,https//imgs.jobkorea.co.kr/img1/_whitebg/200X80/Co_Logo/Logo/2013/5/2010s007Pt_1W1v2o3020t0dsMuS1_1est.jpg?v=202405031742&hash=r&serviceCode=CL,"인천연수구송도과학로84번길24(송도동,제너셈(주)신축사옥)4층"
293,IT.정보통신업>게임.애니메이션,㈜까르떼디엠,중소기업,10억,명시되어있지않음,명시되어있지않음,"서울구로구디지털로271(구로동,벽산디지털밸리Ⅲ)502호"
294,IT.정보통신업>게임.애니메이션,에이알모드커뮤니케이션,중소기업,17억2천만원(2017.12.31),http://armode.co.kr,명시되어있지않음,"충남천안시동남구버들로40,101호"
295,IT.정보통신업>게임.애니메이션,펍지랩스,중소기업,7억839만원(2018.12.31),명시되어있지않음,명시되어있지않음,"서울서초구서초대로38길12,6층"
296,IT.정보통신업>게임.애니메이션,라인콩코리아,중소기업,80억,http://linekongkorea.co.kr/,https//imgs.jobkorea.co.kr/img1/_whitebg/200X80/Co_Logo/Logo/2021/7/12/2x3ch00dRr_dXwgvdwydd2y4q2wr0jhYiUm_iamcjxqbhr.jpg?v=202405031742&hash=r&serviceCode=CL,"서울서초구서초중앙로24길16,KM타워8층"
297,IT.정보통신업>게임.애니메이션,블루솜,중소기업,15억8천만원(2020.12.31),명시되어있지않음,명시되어있지않음,"부산남구수영로299,14층"
298,IT.정보통신업>게임.애니메이션,엔에이치엔빅풋,중견기업,명시되어있지않음,http://nhnbigfoot.com/bigfoot/index.nhn,https//imgs.jobkorea.co.kr/img1/_whitebg/200X80/Co_Logo/Logo/2019/7/2732s008R-_4X6u6963121-0esY8U7_2-2s-.jpg?v=202405031742&hash=r&serviceCode=CL,"경기성남시분당구대왕판교로645번길16(삼평동,N엔에이치엔빅풋"
299,IT.정보통신업>게임.애니메이션,에프엘모바일코리아,중소기업,115억9천만원(2016.12.31),http://flmobile.co.kr,https//imgs.jobkorea.co.kr/img1/_whitebg/200X80/Co_Logo/Logo/2014/12/9/2e3gx008Rh_wXrkdtx3a2ch0exYoUf_hg2xh.jpg?v=202405031742&hash=r&serviceCode=CL,경기성남시분당구판교역로225-18(삼평동)이룸빌딩502호
300,IT.정보통신업>게임.애니메이션,트루스타,중소기업,명시되어있지않음,http://www.bandilogo.com,https//imgs.jobkorea.co.kr/img1/_whitebg/200X80/Co_Logo/Logo/2008/10/2s5pe009Dw_jGghbj2i3g2gw0feFdOa_xnxqew.gif?v=202405031742&hash=r&serviceCode=CL,서울구로구구로동212-7코오롱빌란트1차606호
301,IT.정보통신업>게임.애니메이션,다다소프트,중소기업,명시되어있지않음,명시되어있지않음,https//imgs.jobkorea.co.kr/img1/_whitebg/200X80/Co_Logo/Logo/2015/13/2g5vj009Dw_wGxqsq2x3r29w0fjFjOf_kn4njw.jpg?v=202405031742&hash=r&serviceCode=CL,"서울강남구삼성로542(삼성동,석천빌딩)7층"
302,IT.정보통신업>게임.애니메이션,릴리에스앤씨,중소기업,"2억9,254만원(2019.12.31)",http://www.lilysnc.com,https//imgs.jobkorea.co.kr/img1/_whitebg/200X80/Co_Logo/Logo/2014/5/2l1ie007Pd_kWjh2h3c2sd0deMeSn_rred.gif?v=202405031742&hash=r&serviceCode=CL,서울강남구삼성1동157-12번지중아빌딩10층
303,IT.정보통신업>게임.애니메이션,사삼구구코리아,중소기업,"1,215억5천만원(2022.12.31)",http://www.4399.co.kr,https//imgs.jobkorea.co.kr/img1/_whitebg/200X80/Co_Logo/Logo/2014/10/2x3cl008Rp_mXjoqdy3q2wp0elYiUw_dr2lp.jpg?v=202405031742&hash=r&serviceCode=CL,서울금천구가산동543-1대성디폴리스지식산업센터B동1908호
304,IT.정보통신업>게임.애니메이션,㈜이엔피게임즈,중소기업,123억(21y),http://www.enpgames.co.kr,명시되어있지않음,"서울금천구벚꽃로298(가산동,대륭포스트타워6차)1408호"
305,IT.정보통신업>게임.애니메이션,레드벅스튜디오,중소기업,"8억1,829만원(2022.12.31)",http://www.redbuckstudio.com,https//imgs.jobkorea.co.kr/img1/_whitebg/200X80/Co_Logo/Logo/2015/6/2w5jc009Dq_uGmadi2m3n2pq0fcFaOv_wlbocq.jpg?v=202405031742&hash=r&serviceCode=CL,서울금천구가산동IT미래타워1402호
306,IT.정보통신업>게임.애니메이션,토크아크,중소기업,명시되어있지않음,http://talkark.co.kr,https//imgs.jobkorea.co.kr/img1/_whitebg/200X80/Co_Logo/Logo/2013/9/2m1jh007Pq_vWlk2h3q2mq0dhMeSq_vqhq.gif?v=202405031742&hash=r&serviceCode=CL,서울강남구청담동76-4번지505호
307,IT.정보통신업>게임.애니메이션,아툰즈,중소기업,30억,http://www.atoonz.net,https//imgs.jobkorea.co.kr/img1/_whitebg/200X80/Co_Logo/Logo/2021/3/16/2g9jp006Xv_kGqqh2g2bv0cpVkRc_2pv.png?v=202405031742&hash=r&serviceCode=CL,"서울구로구디지털로242(구로동,한화비즈메트로1차)316호"
308,IT.정보통신업>게임.애니메이션,루덴스엔터테인먼트,중소기업,"1억2,473만원(2016.12.31)",명시되어있지않음,명시되어있지않음,"서울강남구테헤란로82길15,497호"
309,IT.정보통신업>게임.애니메이션,우리와미래,중소기업,"2억2,158만원(2020.12.31)",http://www.woori777.co.kr,https//imgs.jobkorea.co.kr/img1/_whitebg/200X80/Co_Logo/Logo/2010/2/2a33t008Rw_jX0m7xq3827w0etYwUr_1x2tw.JPG?v=202405031742&hash=r&serviceCode=CL,"대전서구도산로403번길21(탄방동,전자타운)601호"
310,IT.정보통신업>게임.애니메이션,네오위즈아이엔에스,중소기업,명시되어있지않음,http://www.neowizins.com,명시되어있지않음,경기성남시분당구대왕판교로645번길14
311,IT.정보통신업>게임.애니메이션,디즈아크,중소기업,명시되어있지않음,http://www.dsark.com,https//imgs.jobkorea.co.kr/img1/_whitebg/200X80/Co_Logo/Logo/2014/11/2y3dz008Rc_jXrjswq3a2uc0ezYqUm_if2zc.jpg?v=202405031742&hash=r&serviceCode=CL,서울강남구역삼동707-24한신인터밸리서관2201호
312,IT.정보통신업>게임.애니메이션,엔에이치엔스타피쉬,중견기업,"3억9,117만원(2016.12.31)",http://www.orangecrew.com,명시되어있지않음,경기성남시분당구대왕판교로645번길16
313,IT.정보통신업>게임.애니메이션,이키나게임즈,중소기업,명시되어있지않음,http://www.ikinagames.com/,https//imgs.jobkorea.co.kr/img1/_whitebg/200X80/Co_Logo/Logo/2022/11/16/JK_CO_maciur22111618200849.jpg?v=202405031742,서울마포구잔다리로25(서교동)3층
314,IT.정보통신업>게임.애니메이션,에페모바일,중소기업,명시되어있지않음,http://www.epeemobile.com,https//imgs.jobkorea.co.kr/img1/_whitebg/200X80/Co_Logo/Logo/2017/12/2m7la00aRt_aKgjijawk3a2jt0gaYaIz_hbsj2at.png?v=202405031743&hash=r&serviceCode=CL,서울강남구언주로164길38-2(신사동)2층
315,IT.정보통신업>게임.애니메이션,엔조이고,중소기업,"3억7,005만원(2018.12.31)",http://www.njoygo.com,https//imgs.jobkorea.co.kr/img1/_whitebg/200X80/Co_Logo/Logo/2014/6/2g9sc006Xr_uGkjx2k2gr0ccVkRt_2cr.jpg?v=202405031743&hash=r&serviceCode=CL,경기성남시분당구삼평동679삼환하이펙스B동815호
316,IT.정보통신업>게임.애니메이션,드림한스,중소기업,명시되어있지않음,http://www.dreamhans.com,명시되어있지않음,서울구로구구로3동612~613호
317,IT.정보통신업>게임.애니메이션,미지아이엔지,중소기업,명시되어있지않음,http://www.miziing.com,명시되어있지않음,"서울금천구가산디지털2로123,월드메르디앙벤처센터2차1301,1302,1303,1304,1417호"
318,IT.정보통신업>게임.애니메이션,록스타,중소기업,1만원,http://www.locstar.co.kr,https//imgs.jobkorea.co.kr/img1/_whitebg/200X80/Co_Logo/Logo/2014/5/12/2r13p007Pz_dW6z2o3i28z0dpMuSj_5apz.jpg?v=202405031743&hash=r&serviceCode=CL,"서울영등포구당산로171(당산동4가,금강펜테리움IT타워)금강펜테리움아이티타워402호"
319,IT.정보통신업>게임.애니메이션,부즈,중소기업,55억,http://vooz.co.kr,https//imgs.jobkorea.co.kr/img1/_whitebg/200X80/Co_Logo/Logo/2017/5/19/2939g008Rw_nX0p0xi3828w0egYwU8_8x2gw.jpg?v=202405031743&hash=r&serviceCode=CL,서울강남구역삼동684-23부즈빌딩
320,IT.정보통신업>게임.애니메이션,니벤스컴퍼니,중소기업,"6억1,686만원(2017.12.31)",명시되어있지않음,명시되어있지않음,"서울중구만리재로185,102동1401호"
321,IT.정보통신업>게임.애니메이션,레이드몹,중소기업,37억4천만원(2017.12.31),명시되어있지않음,명시되어있지않음,경기성남시분당구삼평동682유스페이즈2A동10층
322,IT.정보통신업>게임.애니메이션,피아이소프트,중소기업,"3억5,576만원(2020.12.31)",http://www.pisoft.co.kr/,https//imgs.jobkorea.co.kr/img1/_whitebg/200X80/Co_Logo/Logo/2020/7/29/2n9fb006Xa_kGvtd2g2ha0cbVxRg_2ba.jpg?v=202405031743&hash=r&serviceCode=CL,"경기성남시분당구성남대로69(구미동,로드랜드EZ타워)5층510호피아이소프트"
323,IT.정보통신업>게임.애니메이션,트롤게임즈,중소기업,명시되어있지않음,http://trollgames.co.kr,https//imgs.jobkorea.co.kr/img1/_whitebg/200X80/Co_Logo/Logo/2017/4/2p7jv00aRl_sKpvzkxlt3w2xl0gvYgIs_noal2vl.jpg?v=202405031743&hash=r&serviceCode=CL,"서울강남구테헤란로507(삼성동,WeWork빌딩)14층100호"
324,IT.정보통신업>게임.애니메이션,에스디엔터넷,중소기업,10억4천만원(2015.12.31),http://www.sdenternet.co.kr,명시되어있지않음,"서울마포구동교로40,2층"
325,IT.정보통신업>게임.애니메이션,굿게이트,중소기업,12억,http://www.goodgate.net,https//imgs.jobkorea.co.kr/img1/_whitebg/200X80/Co_Logo/Logo/2012/6/2b3sv008Rw_zXqbdxj3w2cw0evYwUv_kx2vw.jpg?v=202405031743&hash=r&serviceCode=CL,서울양천구목동923-14드림타워1501호
326,IT.정보통신업>게임.애니메이션,월드오브게임,중소기업,13억4천만원(2021.12.31),명시되어있지않음,https//imgs.jobkorea.co.kr/img1/_whitebg/200X80/Co_Logo/Logo/2019/5/17/2v1ow007Pg_sWut2x3q2dg0dwMfSq_mwwg.jpg?v=202405031743&hash=r&serviceCode=CL,전북전주시완산구마전중앙로10(효자동3가)흥진빌딩4층
327,IT.정보통신업>게임.애니메이션,바이너리,중소기업,855만원(2015.12.31),http://binaree.net,https//imgs.jobkorea.co.kr/img1/_whitebg/200X80/Co_Logo/Logo/2016/9/2q1da007Pd_qWmf2i3j2dd0daMjSl_mrad.jpg?v=202405031743&hash=r&serviceCode=CL,서울강남구테헤란로63길14(삼성동)인화빌딩3층
328,IT.정보통신업>게임.애니메이션,유디포엠,중소기업,10억,http://ud4m.com,https//imgs.jobkorea.co.kr/img1/_whitebg/200X80/Co_Logo/Logo/2017/2/6/2u3zb008Rz_oXhzf2t3g2ez0ebY2Us_bj2bz.jpg?v=202405031743&hash=r&serviceCode=CL,"대전유성구전민로74(전민동)605호(전민동,만조빌딩)"
329,IT.정보통신업>게임.애니메이션,다에리소프트,중소기업,350억,http://www.daerisoft.com,https//imgs.jobkorea.co.kr/img1/_whitebg/200X80/Co_Logo/Logo/2020/11/10/2x5rj009Dw_qGfqka2i3g2vw0fjFcOa_xnsljw.png?v=202405031743&hash=r&serviceCode=CL,"서울금천구가산디지털1로186(가산동,제이플라츠)1206호"
330,IT.정보통신업>게임.애니메이션,넥스케이드,중소기업,명시되어있지않음,http://www.nexcade.com,https//imgs.jobkorea.co.kr/img1/_whitebg/200X80/Co_Logo/Logo/2015/13/2q59d009Dc_uGjj4c2n3a20c0fdFhOw_ca5odc.jpg?v=202405031743&hash=r&serviceCode=CL,서울구로구구로3동코오롱사이언스벨리2차411호
331,IT.정보통신업>게임.애니메이션,카이토리,중소기업,10억5천만원(2022.12.31),http://www.caitory.com,https//imgs.jobkorea.co.kr/img1/_whitebg/200X80/Co_Logo/Logo/2020/6/18/2x3os008Rq_kXju0as3q28q0esYrUw_lw2sq.png?v=202405031743&hash=r&serviceCode=CL,대전서구대덕대로137(갈마동)동해빌딩401호
332,IT.정보통신업>게임.애니메이션,쏘그웨어,중소기업,"6억2,385만원(2017.12.31)",http://www.sogware.kr,명시되어있지않음,대전유성구테크노9로35
333,IT.정보통신업>게임.애니메이션,마부스애니메이션,중소기업,"4억9,790만원(2020.12.31)",명시되어있지않음,https//imgs.jobkorea.co.kr/img1/_whitebg/200X80/Co_Logo/Logo/2018/2/2656t009Dw_zG9z9h2x3829w0ftFeOf_8n4etw.jpg?v=202405031743&hash=r&serviceCode=CL,"서울구로구디지털로243(구로동,지하이시티)708,709호"
334,IT.정보통신업>게임.애니메이션,녹스게임즈,중소기업,62억1천만원(2017.12.31),http://www.noxgames.co.kr,명시되어있지않음,"서울영등포구선유로146,414호"
335,IT.정보통신업>게임.애니메이션,펀웨이브,중소기업,15억9천만원(2022.12.31),http://www.funwave.co.kr,https//imgs.jobkorea.co.kr/img1/_whitebg/200X80/Co_Logo/Logo/2016/9/23/2w3cx008Rb_tXgk3dm3p24b0exYiUq_dz2xb.jpg?v=202405031743&hash=r&serviceCode=CL,전북전주시덕진구오공로123(만성동)전북테크비즈센터.903호
336,IT.정보통신업>게임.애니메이션,토이온,중소기업,명시되어있지않음,http://www.toiion.com,https//imgs.jobkorea.co.kr/img1/_whitebg/200X80/Co_Logo/Logo/2017/9/2d9gv006Xk_aGchg2d2jk0cvVaRk_2vk.jpg?v=202405031743&hash=r&serviceCode=CL,경기성남시분당구판교로242(삼평동)판교디지털센터A동
337,IT.정보통신업>게임.애니메이션,엔에스스튜디오,중소기업,명시되어있지않음,명시되어있지않음,명시되어있지않음,경기도성남시분당구판교로255번길9-22(삼평동)5층
338,IT.정보통신업>게임.애니메이션,비원비주얼이펙츠,중소기업,명시되어있지않음,명시되어있지않음,명시되어있지않음,"서울구로구디지털로31길12(구로동,태평양물산)12층1202호"
339,IT.정보통신업>게임.애니메이션,푸름엘엔티,중소기업,130억,http://www.pureumlnt.co.kr,https//imgs.jobkorea.co.kr/img1/_whitebg/200X80/Co_Logo/Logo/2022/1/10/JK_CO_guPRWZ822011013111073.gif?v=202405031743,서울강서구염창동우림블루나인비즈니스센터B-707
340,IT.정보통신업>게임.애니메이션,㈜컴투스,중견기업,7722억원,http://com2us.com,https//imgs.jobkorea.co.kr/img1/_whitebg/200X80/Co_Logo/Logo/2021/12/21/JK_CO_JZRxW2E21122119144073.png?v=202405031743,"서울금천구가산디지털1로131(가산동,BYCHIGHCITY)A동"
341,IT.정보통신업>게임.애니메이션,라이엇게임즈코리아,중소기업,"3,786억3천만원(2022.12.31)",http://www.leagueoflegends.co.kr,https//imgs.jobkorea.co.kr/img1/_whitebg/200X80/Co_Logo/Logo/2011/13/2v5mf009Ds_wGsxve2l3o2gs0ffFzOq_uvxnfs.gif?v=202405031743&hash=r&serviceCode=CL,"서울강남구테헤란로521(삼성동,파르나스타워)30층"
342,IT.정보통신업>게임.애니메이션,더블다운인터액티브,중견기업,3188억만원,https://www.doubledowninteractive.co.kr/,https//imgs.jobkorea.co.kr/img1/_whitebg/200X80/Co_Logo/Logo/2020/8/12/2l1ih007Pd_kWjk2z3r2sd0dhMpSd_rrhd.jpg?v=202405031743&hash=r&serviceCode=CL,"서울강남구테헤란로152(역삼동,강남파이낸스센터)13층"
343,IT.정보통신업>게임.애니메이션,한국닌텐도(주),중견기업,"2,996억9천만원(2023.03.31)",http://www.nintendo.co.kr,https//imgs.jobkorea.co.kr/img1/_whitebg/200X80/Co_Logo/Logo/2020/5/13/2d7yj00aRi_vKjcgcgjc3k2ki0gjYjIa_qafv2ji.jpg?v=202405031743&hash=r&serviceCode=CL,"서울특별시중구통일로2길16,2층(순화동,AIA타워)"
344,IT.정보통신업>게임.애니메이션,(주)위메이드,중견기업,1198억8천만,http://corp.wemade.com,https//imgs.jobkorea.co.kr/img1/_whitebg/200X80/Co_Logo/Logo/2019/3/JK_CO_wehr. WEMADE Logotype.png?v=202405031743,경기성남시분당구삼평동676위메이드타워
345,IT.정보통신업>게임.애니메이션,크래프톤,대기업,1조9106,http://krafton.com/,https//imgs.jobkorea.co.kr/img1/_whitebg/200X80/Co_Logo/Logo/2022/5/16/JK_CO_qHaews922051611264488.gif?v=202405031743,"서울강남구테헤란로231(역삼동,센터필드)EAST타워"
346,IT.정보통신업>게임.애니메이션,(주)네오위즈,중견기업,"2,864억4천만원(2023.12.31)",http://www.neowiz.com/neowiz,https//imgs.jobkorea.co.kr/img1/_whitebg/200X80/Co_Logo/Logo/2017/5/2j5md004Dm_qG_2w2lm0adFvO2dm.gif?v=202405031743&hash=r&serviceCode=CL,"경기성남시분당구대왕판교로645번길14(삼평동,네오위즈)네오위즈판교타워네오위즈"
347,IT.정보통신업>게임.애니메이션,㈜스마일게이트홀딩스,중견기업,명시되어있지않음,명시되어있지않음,https//imgs.jobkorea.co.kr/img1/_whitebg/200X80/Co_Logo/Logo/2023/6/2h98x00bXw_lGtnvd6m2q3m22w0hxVaRj_puje5sxw.gif?v=202405031743&hash=r&serviceCode=CL,"경기성남시분당구삼평동673안랩,쏠리드"
348,IT.정보통신업>게임.애니메이션,넷마블(주),명시되어있지않음,명시되어있지않음,http://company.netmarble.com,https//imgs.jobkorea.co.kr/img1/_whitebg/200X80/Co_Logo/Logo/2016/5/2l5sd009Dc_tGqjgv2n3h2ac0fdFsOw_eaczdc.jpg?v=202405031744&hash=r&serviceCode=CL,"서울구로구디지털로26길38(구로동,G-SQUARE)넷마블"
349,IT.정보통신업>게임.애니메이션,(주)조이시티,중견기업,"1,496억",http://www.joycity.com,https//imgs.jobkorea.co.kr/img1/_whitebg/200X80/Co_Logo/Logo/2013/7/2r1cx007Pr_dWnp2d3i2qr0dxMmSj_qsxr.gif?v=202405031744&hash=r&serviceCode=CL,경기성남시분당구분당로55(서현동)분당퍼스트타워10층
350,IT.정보통신업>게임.애니메이션,시프트업,중소기업,"1,685억9천만원(2023.12.31)",http://www.shiftup.co.kr,https//imgs.jobkorea.co.kr/img1/_whitebg/200X80/Co_Logo/Logo/2014/8/2e5ff009Dv_kGzxyi2v3t2lv0ffFaOs_lmqrfv.jpg?v=202405031744&hash=r&serviceCode=CL,"서울서초구서초대로77길55(서초동,에이프로스퀘어)4,14,15층시프트업"
351,IT.정보통신업>게임.애니메이션,데브시스터즈㈜,중소기업,명시되어있지않음,http://www.devsisters.com,https//imgs.jobkorea.co.kr/img1/_whitebg/200X80/Co_Logo/Logo/2018/2/JK_CO_extrastd1.25.22.png?v=202405031744,서울강남구도산대로327(신사동)15층
352,IT.정보통신업>게임.애니메이션,㈜모비릭스,중소기업,706억,http://www.mobirix.com,https//imgs.jobkorea.co.kr/img1/_whitebg/200X80/Co_Logo/Logo/2016/12/2r1ru007Pg_dWdo2f3j2yg0duMaSl_cwug.gif?v=202405031744&hash=r&serviceCode=CL,"서울금천구가산디지털1로186(가산동,제이플라츠)604-607호,901호,902호일부,1401호"
353,IT.정보통신업>게임.애니메이션,㈜더블유게임즈,중견기업,6581억7천만원,http://www.doubleugames.com,https//imgs.jobkorea.co.kr/img1/_whitebg/200X80/Co_Logo/Logo/2014/13/2g5qw009Dk_mGxnja2p3g29k0fwFcOb_xr4wwk.jpg?v=202405031744&hash=r&serviceCode=CL,"서울강남구테헤란로152(역삼동,강남파이낸스센터)13,16층"
354,IT.정보통신업>게임.애니메이션,(주)그라비티,중견기업,"2,327억1천만원(2022.12.31)",http://www.gravity.co.kr,https//imgs.jobkorea.co.kr/img1/_whitebg/200X80/Co_Logo/Logo/2015/11/2g1ks007Pl_iWhv2q3r2ll0dsMqSd_kjsl.jpg?v=202405031744&hash=r&serviceCode=CL,서울마포구상암동1605번지누리꿈스퀘어비즈니스타워15층
355,IT.정보통신업>게임.애니메이션,지앤아이소프트,중소기업,77억4천만,http://www.gnisoft.co.kr,https//imgs.jobkorea.co.kr/img1/_whitebg/200X80/Co_Logo/Logo/2022/8/11/JK_CO_IaEY7dV22081111464569.png?v=202405031744,"서울구로구디지털로34길27(구로동,대륭포스트타워3차)610호"
356,IT.정보통신업>게임.애니메이션,키글,중소기업,47.4억,http://www.kigle.co.kr,https//imgs.jobkorea.co.kr/img1/_whitebg/200X80/Co_Logo/Logo/2020/7/07/2h11v007Pd_eW7m2v3d25d0dvMsSm_9rvd.jpg?v=202405031744&hash=r&serviceCode=CL,"서울서초구방배로18길5(방배동,BH빌딩)3층(주)키글"
357,IT.정보통신업>게임.애니메이션,㈜에스에이엠지엔터테인먼트,중소기업,683억,http://samg.net,https//imgs.jobkorea.co.kr/img1/_whitebg/200X80/Co_Logo/Logo/2021/4/20/2u95x006Xp_tG2nq2s26p0cxVwR3_2xp.png?v=202405031744&hash=r&serviceCode=CL,서울강남구테헤란로325(역삼동)어반벤치빌딩8층
358,IT.정보통신업>게임.애니메이션,㈜한빛소프트,중소기업,116억3천만원(2023.12.31),http://www.hanbitsoft.co.kr,https//imgs.jobkorea.co.kr/img1/_whitebg/200X80/Co_Logo/Logo/2011/10/2a3va008Rq_fXkvjde3s2qq0eaYiUr_aw2aq.jpg?v=202405031744&hash=r&serviceCode=CL,"서울금천구가산디지털1로186(가산동,제이플라츠)15층1506호"
359,IT.정보통신업>게임.애니메이션,(주)포켓몬코리아,중소기업,675억9천만원(2023.12.31),http://www.pokemonkorea.co.kr,https//imgs.jobkorea.co.kr/img1/_whitebg/200X80/Co_Logo/Logo/2010/2/2d1wt007Pg_mWge2m3o2ig0dtMvSu_jwtg.jpg?v=202405031744&hash=r&serviceCode=CL,"경기용인시수지구신수로801(동천동,GHD코리아)"
360,IT.정보통신업>게임.애니메이션,밸로프,중소기업,140억2천만원(2021.12.31),http://www.valofe.com/,명시되어있지않음,"서울금천구디지털로130,6층601호,602호,603호"
361,IT.정보통신업>게임.애니메이션,(유)앤서스랩코리아,중소기업,451억,http://www.nsuslab.com,https//imgs.jobkorea.co.kr/img1/_whitebg/200X80/Co_Logo/Logo/2022/3/17/JK_CO_U7uoiMv22031714450775.jpg?v=202405031744,"서울강남구언주로609(논현동,팍스타워)"
362,IT.정보통신업>게임.애니메이션,㈜위메이드플레이,중견기업,772억,http://www.sundaytoz.com,https//imgs.jobkorea.co.kr/img1/_whitebg/200X80/Co_Logo/Logo/2022/5/20/JK_CO_avhfsLT22052018102677.png?v=202405031744,경기성남시분당구서현동.
363,IT.정보통신업>게임.애니메이션,엑스엘게임즈,대기업,474억4천만,http://www.xlgames.com,https//imgs.jobkorea.co.kr/img1/_whitebg/200X80/Co_Logo/Logo/2019/7/2q1dc007Pe_qWmy2v3o2ce0dcMsSu_nhce.jpg?v=202405031744&hash=r&serviceCode=CL,"경기성남시분당구대왕판교로645번길14(삼평동,네오위즈)7층"
364,IT.정보통신업>게임.애니메이션,라인스튜디오,대기업,311억7천만원(2023.03.31),https://linestudio.com,https//imgs.jobkorea.co.kr/img1/_whitebg/200X80/Co_Logo/Logo/2019/12/2933s008R-_2X9u6923521-0esY8U8_1-2s-.jpg?v=202405031744&hash=r&serviceCode=CL,"경기성남시분당구황새울로360번길42(서현동,AK라인스튜디오"
365,IT.정보통신업>게임.애니메이션,넷마블넥서스,중견기업,273억4천만원(2022.12.31),http://www.netmarblenexus.co.kr,https//imgs.jobkorea.co.kr/img1/_whitebg/200X80/Co_Logo/Logo/2016/2/2650d009Dc_zG9j5c2x3920c0fdFhOf_4a5edc.jpg?v=202405031744&hash=r&serviceCode=CL,"서울구로구디지털로26길38(구로동,G-SQUARE)-"
366,IT.정보통신업>게임.애니메이션,넷마블네오,대기업,552억7천만원(2023.12.31),http://company.netmarble.com/studio/list/neo,https//imgs.jobkorea.co.kr/img1/_whitebg/200X80/Co_Logo/Logo/2015/11/2q9mv00bXf_cGchpljg2s3u2nf0hvVoRk_towjxjvf.jpg?v=202405031744&hash=r&serviceCode=CL,"서울구로구디지털로26길38(구로동,G-SQUARE)넷마블신사옥"
367,IT.정보통신업>게임.애니메이션,(주)이스트게임즈,중소기업,113억5천만,http://estgames.co.kr/,https//imgs.jobkorea.co.kr/img1/_whitebg/200X80/Co_Logo/Logo/2023/7/05/JK_CO_xTinfjW23070515092150.jpg?v=202405031744,"서울서초구반포대로3(서초동,이스트빌딩)5층(주)이스트게임즈"
368,IT.정보통신업>게임.애니메이션,(주)엠게임,중소기업,559억,http://www.mgame.com,https//imgs.jobkorea.co.kr/img1/_whitebg/200X80/Co_Logo/Logo/2003/10/2t7wz005Rp_zK2w2p2jp0bzYnIa_zp.jpg?v=202405031744&hash=r&serviceCode=CL,"서울강남구역삼로136(역삼동,신명빌딩)1층슬로우커피"
369,IT.정보통신업>게임.애니메이션,(주)액토즈소프트,중견기업,명시되어있지않음,http://www.actoz.com,https//imgs.jobkorea.co.kr/img1/_whitebg/200X80/Co_Logo/Logo/2023/7/11/JK_CO_VxKdo2j23071112081677.png?v=202405031744,"서울중구서애로5길33(필동3가)1,4,5F"
370,IT.정보통신업>게임.애니메이션,레드로버,중소기업,"4억2,485만원(2023.12.31)",http://www.redrover.co.kr,https//imgs.jobkorea.co.kr/img1/_whitebg/200X80/Co_Logo/Logo/2020/9/22/2u5lq009Dc_qGplqq2g3a20c0fqFjOx_ca5lqc.png?v=202405031744&hash=r&serviceCode=CL,경기광주시중앙로78(역동)311호
371,IT.정보통신업>게임.애니메이션,그램퍼스,중소기업,28억4천만원(2020.12.31),http://www.grampus.co,https//imgs.jobkorea.co.kr/img1/_whitebg/200X80/Co_Logo/Logo/2015/9/2x7cp00aRl_zKetipobf3a2il0gpYnIt_xojw2pl.jpg?v=202405031744&hash=r&serviceCode=CL,"서울강남구테헤란로431(삼성동,라이언타워)저스트코타워10층"
372,IT.정보통신업>게임.애니메이션,(주)엔트리브소프트,중견기업,66억1천만원(2022.12.31),http://www.ntreev.com,https//imgs.jobkorea.co.kr/img1/_whitebg/200X80/Co_Logo/Logo/2006/8/2l9mc006Xv_jGsjh2m2iv0ccVoRj_2cv.gif?v=202405031744&hash=r&serviceCode=CL,"경기성남시분당구대왕판교로606번길10(백현동,알파리움1단지)5층"
373,IT.정보통신업>게임.애니메이션,유니아나,중소기업,60억2031만원,http://www.uniana.com,https//imgs.jobkorea.co.kr/img1/_whitebg/200X80/Co_Logo/Logo/2018/2/2d9jf006Xc_pGpoj2q2qc0cfVaRc_2fc.png?v=202405031744&hash=r&serviceCode=CL,서울양천구목5동907-18
374,IT.정보통신업>게임.애니메이션,㈜마상소프트,중소기업,100억,http://www.masangsoft.com,https//imgs.jobkorea.co.kr/img1/_whitebg/200X80/Co_Logo/Logo/2017/9/2819l007Ph_5W8j2c3326h0dlMnS6_0klh.png?v=202405031744&hash=r&serviceCode=CL,"부산해운대구우동센텀서로30,19층"
375,IT.정보통신업>게임.애니메이션,에코킹덤,중소기업,명시되어있지않음,명시되어있지않음,https//imgs.jobkorea.co.kr/img1/_whitebg/200X80/Co_Logo/Logo/2018/1/15/2s9gj00bXi_kGamtzkv2j3p2ui0hjVnRy_crdgwdji.jpg?v=202405031744&hash=r&serviceCode=CL,서울강남구논현동125-17수정빌딩401호
376,IT.정보통신업>게임.애니메이션,넥슨GT㈜,대기업계열사·자회사,63만원,http://www.nexon-gt.com,https//imgs.jobkorea.co.kr/img1/_whitebg/200X80/Co_Logo/Logo/2014/4/2u9zt006Xp_jGasq2m2dp0ctVwRn_2tp.jpg?v=202405031744&hash=r&serviceCode=CL,경기성남시분당구삼평동631판교테크노밸리C3-7B동넥슨지티(주)
377,IT.정보통신업>게임.애니메이션,(주)조이맥스,중소기업,75억8천만원(2022.12.31),http://www.wemademax.com,https//imgs.jobkorea.co.kr/img1/_whitebg/200X80/Co_Logo/Logo/2022/2/08/JK_CO_bjBfVOG22020817193763.JPG?v=202405031744,"경기성남시분당구대왕판교로644번길49(삼평동,위메이드타워)4층"
378,IT.정보통신업>게임.애니메이션,쿡앱스,중소기업,830억,http://www.cookapps.com,https//imgs.jobkorea.co.kr/img1/_whitebg/200X80/Co_Logo/Logo/2022/7/20/JK_CO_b6ZreHn22072018444744.png?v=202405031744,"경기성남시분당구대왕판교로660(삼평동,유스페이스1)유스페이스1B동8층쿡앱스"
379,IT.정보통신업>게임.애니메이션,㈜플레이위드코리아,중소기업,285억5천만원(2023.12.31),http://www.playwith.co.kr,https//imgs.jobkorea.co.kr/img1/_whitebg/200X80/Co_Logo/Logo/2022/11/09/JK_CO_jpYfqFx22110911265652.png?v=202405031744,"서울서초구마방로60(양재동,동원에프앤비빌딩)동원에프엔비빌딩5층/6층/23층"
380,IT.정보통신업>게임.애니메이션,플레이위드게임즈,중소기업,126억3천만원(2023.12.31),http://www.playwith.co.kr,https//imgs.jobkorea.co.kr/img1/_whitebg/200X80/Co_Logo/Logo/2013/4/2y3qf008Rh_sXdehwu3c2gh0efYqUm_jg2fh.jpg?v=202405031745&hash=r&serviceCode=CL,"서울서초구마방로60(양재동,동원에프앤비빌딩)5,6,23층"
381,IT.정보통신업>게임.애니메이션,쏘뉴,중소기업,명시되어있지않음,http://www.sonew.co.kr,https//imgs.jobkorea.co.kr/img1/_whitebg/200X80/Co_Logo/Logo/2022/8/26/JK_CO_i05NUrV22082610222908.png?v=202405031745,서울광진구아차산로187(화양동)동신빌딩203호
382,IT.정보통신업>게임.애니메이션,라인게임즈,대기업계열사·자회사,명시되어있지않음,http://www.line.games,https//imgs.jobkorea.co.kr/img1/_whitebg/200X80/Co_Logo/Logo/2019/12/2n5ag009Da_cGwscj2p3z2xa0fgFdOb_tifaga.jpg?v=202405031745&hash=r&serviceCode=CL,"서울강남구테헤란로218(역삼동,APTower(에이피타워))2층"
383,IT.정보통신업>게임.애니메이션,그래피직스,중소기업,명시되어있지않음,http://www.grafizix.com,https//imgs.jobkorea.co.kr/img1/_whitebg/200X80/Co_Logo/Logo/2012/9/2a3av008Rj_xXnbywk3i2hj0evYqUr_rq2vj.jpg?v=202405031745&hash=r&serviceCode=CL,서울중구퇴계로20길71(남산동2가)3층
384,IT.정보통신업>게임.애니메이션,두루픽스,중소기업,명시되어있지않음,http://www.durufix.net,https//imgs.jobkorea.co.kr/img1/_whitebg/200X80/Co_Logo/Logo/2016/5/2s95m006Xf_2G0ao2627f0cmVtR3_2mf.jpg?v=202405031745&hash=r&serviceCode=CL,"서울금천구벚꽃로278(가산동,SJ테크노빌)709-1호"
385,IT.정보통신업>게임.애니메이션,스마일게이트메가포트,중견기업,2563억,http://smilegate.com,https//imgs.jobkorea.co.kr/img1/_whitebg/200X80/Co_Logo/Logo/2018/4/2t3bc00dRo_hXvfkaocvw2c4c2wo0jcYrUd_qtdgdbqsco.png?v=202405031745&hash=r&serviceCode=CL,경기성남시분당구판교로344(삼평동)스마일게이트캠퍼스9층
386,IT.정보통신업>게임.애니메이션,밥게이트,중소기업,30억3천만원(2022.12.31),http://www.bobgate.net,https//imgs.jobkorea.co.kr/img1/_whitebg/200X80/Co_Logo/Logo/2019/12/2v1ka007Pg_sWhf2f3q2dg0daMaSq_mwag.jpg?v=202405031745&hash=r&serviceCode=CL,"서울금천구두산로70(독산동,현대지식산업센터)A동609호"
387,IT.정보통신업>게임.애니메이션,일렉트로닉아츠코리아(유),외국계(외국법인기타),499억3천만원(2023.03.31),https://www.ea.com/studios/ea-korea,https//imgs.jobkorea.co.kr/img1/_whitebg/200X80/Co_Logo/Logo/2019/11/2c1xx007P8_nWfp2o3w2k80dxMuSg_h9x8.jpg?v=202405031745&hash=r&serviceCode=CL,서울특별시강남구테헤란로129강남N타워I17층
388,IT.정보통신업>게임.애니메이션,㈜세시소프트,중소기업,80억원,http://www.sesisoft.com,https//imgs.jobkorea.co.kr/img1/_whitebg/200X80/Co_Logo/Logo/2018/6/2f3kc008Rd_rXwfkfa3x2sd0ecYcUc_xc2cd.png?v=202405031745&hash=r&serviceCode=CL,"서울서초구방배로22길20(방배동)디와이즈빌딩1층,2층,3층,4층"
389,IT.정보통신업>게임.애니메이션,㈜노크노크,벤처기업,명시되어있지않음,http://www.jobkorea.co.kr/Super/noknok,https//imgs.jobkorea.co.kr/img1/_whitebg/200X80/Co_Logo/Logo/2012/3/2f5gd009Dx_dGyjxf2g3d2gx0fdFyOx_rgxjdx.jpg?v=202405031745&hash=r&serviceCode=CL,서울금천구가산동60-25벚꽃로234에이스하이엔드타워6차1204
390,IT.정보통신업>게임.애니메이션,피티더블유코리아,중소기업,명시되어있지않음,https://www.ptw.com/ko,https//imgs.jobkorea.co.kr/img1/_whitebg/200X80/Co_Logo/Logo/2019/3/2x3ce008Rk_mXjlqmy3q2wk0eeYtUw_ds2ek.png?v=202405031745&hash=r&serviceCode=CL,전남나주시우정로10(빛가람동)
391,IT.정보통신업>게임.애니메이션,㈜아이톡시,대기업계열사·자회사,281억,http://www.itoxi.co.kr,https//imgs.jobkorea.co.kr/img1/_whitebg/200X80/Co_Logo/Logo/2023/3/27/JK_CO_ncU7KWO23032714410914.JPG?v=202405031745,"서울강남구도산대로427(청담동,파모소빌딩)5F"
392,IT.정보통신업>게임.애니메이션,㈜탑코미디어,중소기업,148억3천만원(2023.12.31),http://www.topcomedia.co.kr,https//imgs.jobkorea.co.kr/img1/_whitebg/200X80/Co_Logo/Logo/2022/4/11/JK_CO_jJQUWps22041116450164.png?v=202405031745,"서울구로구디지털로26길111(구로동,제이앤케이디지털타워)1701호탑코미디어"
393,IT.정보통신업>게임.애니메이션,(주)게임빌,중견기업,1523억,https://com2us.com/holdings,https//imgs.jobkorea.co.kr/img1/_whitebg/200X80/Co_Logo/Logo/2021/12/03/JK_CO_Y0v7o8C21120311540277.png?v=202405031745,"서울금천구가산디지털1로131(가산동,BYCHIGHCITY)A동"
394,IT.정보통신업>게임.애니메이션,네시삼십삼분,중소기업,108억8천만원(2022.12.31),http://www.433.co.kr,https//imgs.jobkorea.co.kr/img1/_whitebg/200X80/Co_Logo/Logo/2023/10/20/JK_CO_pOy84qU23102011243136.png?v=202405031745,서울강남구삼성동153번지예림빌딩
395,IT.정보통신업>게임.애니메이션,핸디커뮤니케이션즈,중소기업,45억,http://www.handy.co.kr,https//imgs.jobkorea.co.kr/img1/_whitebg/200X80/Co_Logo/Logo/2019/7/2p5zv009Dw_jGbmtj2k3n2aw0fvFdOo_wncqvw.png?v=202405031745&hash=r&serviceCode=CL,"서울금천구가산디지털1로165(가산동,가산비지니스센터)6층"
396,IT.정보통신업>게임.애니메이션,에이케이인터렉티브,중소기업,293억4천만원(2023.12.31),http://www.akinteractive.co.kr,https//imgs.jobkorea.co.kr/img1/_whitebg/200X80/Co_Logo/Logo/2009/10/2n56w004Dy_4G_2f29y0awF9O2wy.jpg?v=202405031745&hash=r&serviceCode=CL,"서울서초구마방로6길8-11(양재동,산정빌딩)5층"
397,IT.정보통신업>게임.애니메이션,넷텐션,중소기업,명시되어있지않음,http://proudnet.com/,https//imgs.jobkorea.co.kr/img1/_whitebg/200X80/Co_Logo/Logo/2011/12/2v7kj00aRa_vKjcivjjc3a2ca0gjYvIa_vjgv2ja.jpg?v=202405031745&hash=r&serviceCode=CL,"서울강남구테헤란로104길26(대치동,수퍼트리타워)4층"
398,IT.정보통신업>게임.애니메이션,아이엠씨게임즈,중소기업,115억3천만원(2023.12.31),http://www.imc.co.kr,https//imgs.jobkorea.co.kr/img1/_whitebg/200X80/Co_Logo/Logo/2015/13/2z5xa009Dt_bGtifo2n3a20t0faFuOw_cz5pat.jpg?v=202405031745&hash=r&serviceCode=CL,서울강남구삼성동144-4ES타워6층
399,IT.정보통신업>게임.애니메이션,덱스인트게임즈,중소기업,"1,706만원(2017.12.31)",명시되어있지않음,명시되어있지않음,"서울강남구선릉로578,717호"
400,IT.정보통신업>게임.애니메이션,라온엔터테인먼트,중소기업,92억8천만원(2023.12.31),http://www.rhaon.com,https//imgs.jobkorea.co.kr/img1/_whitebg/200X80/Co_Logo/Logo/2011/6/2q9jo006Xn_kG3lz2g25n0coVpRc_2on.jpg?v=202405031745&hash=r&serviceCode=CL,대구남구대명동2139번지(재)대구디지털산업진흥원별관509호
